Day,public_information_campaigns,stay_home_requirements,close_public_transport,cancel_public_events,testing_policy,stringency_index,vaccination_policy,facial_coverings,total_vaccinations,people_vaccinated,people_fully_vaccinated,mobility_driving,mobility_walking,retail_and_recreation,grocery_and_pharmacy,residential,transit_stations,parks,workplaces,Daily Confirmed,Total Confirmed,Daily Recovered,Total Recovered,Daily Deceased,Total Deceased
2020-01-13,0.0,0.0,0.0,0.0,0.0,0.0,0.0,0.0,0.0,0.0,0.0,0.0,0.0,-41.19088123515439,-3.744617577197144,13.019121140142515,-27.015608076009496,-33.823334916864596,-26.076095011876486,0.0,0.0,0.0,0.0,0.0,0.0
2020-01-14,0.0,0.0,0.0,0.0,0.0,0.0,0.0,0.0,0.0,0.0,0.0,2.3499999999999943,-0.8199999999999932,-41.19088123515439,-3.744617577197144,13.019121140142515,-27.015608076009496,-33.823334916864596,-26.076095011876486,0.0,0.0,0.0,0.0,0.0,0.0
2020-01-15,0.0,0.0,0.0,0.0,0.0,0.0,0.0,0.0,0.0,0.0,0.0,7.959999999999994,4.079999999999998,-41.19088123515439,-3.744617577197144,13.019121140142515,-27.015608076009496,-33.823334916864596,-26.076095011876486,0.0,0.0,0.0,0.0,0.0,0.0
2020-01-16,0.0,0.0,0.0,0.0,0.0,0.0,0.0,0.0,0.0,0.0,0.0,10.769999999999996,7.409999999999997,-41.19088123515439,-3.744617577197144,13.019121140142515,-27.015608076009496,-33.823334916864596,-26.076095011876486,0.0,0.0,0.0,0.0,0.0,0.0
2020-01-17,0.0,0.0,0.0,0.0,0.0,0.0,0.0,0.0,0.0,0.0,0.0,20.64,13.909999999999997,-41.19088123515439,-3.744617577197144,13.019121140142515,-27.015608076009496,-33.823334916864596,-26.076095011876486,0.0,0.0,0.0,0.0,0.0,0.0
2020-01-18,0.0,0.0,0.0,0.0,0.0,0.0,0.0,0.0,0.0,0.0,0.0,36.84,28.02000000000001,-41.19088123515439,-3.744617577197144,13.019121140142515,-27.015608076009496,-33.823334916864596,-26.076095011876486,0.0,0.0,0.0,0.0,0.0,0.0
2020-01-19,0.0,0.0,0.0,0.0,0.0,0.0,0.0,0.0,0.0,0.0,0.0,22.400000000000006,13.39,-41.19088123515439,-3.744617577197144,13.019121140142515,-27.015608076009496,-33.823334916864596,-26.076095011876486,0.0,0.0,0.0,0.0,0.0,0.0
2020-01-20,0.0,0.0,0.0,0.0,0.0,0.0,0.0,0.0,0.0,0.0,0.0,6.829999999999998,7.909999999999997,-41.19088123515439,-3.744617577197144,13.019121140142515,-27.015608076009496,-33.823334916864596,-26.076095011876486,0.0,0.0,0.0,0.0,0.0,0.0
2020-01-21,0.0,0.0,0.0,0.0,0.0,0.0,0.0,0.0,0.0,0.0,0.0,1.75,4.549999999999997,-41.19088123515439,-3.744617577197144,13.019121140142515,-27.015608076009496,-33.823334916864596,-26.076095011876486,0.0,0.0,0.0,0.0,0.0,0.0
2020-01-22,0.0,0.0,0.0,0.0,0.0,0.0,0.0,0.0,0.0,0.0,0.0,3.0799999999999983,5.829999999999998,-41.19088123515439,-3.744617577197144,13.019121140142515,-27.015608076009496,-33.823334916864596,-26.076095011876486,0.0,0.0,0.0,0.0,0.0,0.0
2020-01-23,0.0,0.0,0.0,0.0,0.0,0.0,0.0,0.0,0.0,0.0,0.0,1.6700000000000017,3.4000000000000057,-41.19088123515439,-3.744617577197144,13.019121140142515,-27.015608076009496,-33.823334916864596,-26.076095011876486,0.0,0.0,0.0,0.0,0.0,0.0
2020-01-24,0.0,0.0,0.0,0.0,0.0,0.0,0.0,0.0,0.0,0.0,0.0,13.519999999999996,9.909999999999997,-41.19088123515439,-3.744617577197144,13.019121140142515,-27.015608076009496,-33.823334916864596,-26.076095011876486,0.0,0.0,0.0,0.0,0.0,0.0
2020-01-25,1.0,0.0,0.0,0.0,1.0,5.56,0.0,0.0,0.0,0.0,0.0,25.459999999999994,21.159999999999997,-41.19088123515439,-3.744617577197144,13.019121140142515,-27.015608076009496,-33.823334916864596,-26.076095011876486,0.0,0.0,0.0,0.0,0.0,0.0
2020-01-26,1.0,1.0,0.0,0.0,1.0,10.19,0.0,0.0,0.0,0.0,0.0,16.769999999999996,11.0,-41.19088123515439,-3.744617577197144,13.019121140142515,-27.015608076009496,-33.823334916864596,-26.076095011876486,0.0,0.0,0.0,0.0,0.0,0.0
2020-01-27,1.0,1.0,0.0,0.0,1.0,10.19,0.0,0.0,0.0,0.0,0.0,6.810000000000002,10.659999999999997,-41.19088123515439,-3.744617577197144,13.019121140142515,-27.015608076009496,-33.823334916864596,-26.076095011876486,0.0,0.0,0.0,0.0,0.0,0.0
2020-01-28,1.0,1.0,0.0,0.0,1.0,10.19,0.0,0.0,0.0,0.0,0.0,6.159999999999997,6.980000000000004,-41.19088123515439,-3.744617577197144,13.019121140142515,-27.015608076009496,-33.823334916864596,-26.076095011876486,0.0,0.0,0.0,0.0,0.0,0.0
2020-01-29,1.0,1.0,0.0,0.0,1.0,10.19,0.0,0.0,0.0,0.0,0.0,14.930000000000007,11.349999999999994,-41.19088123515439,-3.744617577197144,13.019121140142515,-27.015608076009496,-33.823334916864596,-26.076095011876486,0.0,0.0,0.0,0.0,0.0,0.0
2020-01-30,1.0,1.0,0.0,0.0,1.0,10.19,0.0,0.0,0.0,0.0,0.0,15.400000000000006,10.409999999999997,-41.19088123515439,-3.744617577197144,13.019121140142515,-27.015608076009496,-33.823334916864596,-26.076095011876486,1.0,1.0,0.0,0.0,0.0,0.0
2020-01-31,1.0,1.0,0.0,0.0,1.0,10.19,0.0,0.0,0.0,0.0,0.0,22.459999999999994,17.08,-41.19088123515439,-3.744617577197144,13.019121140142515,-27.015608076009496,-33.823334916864596,-26.076095011876486,0.0,1.0,0.0,0.0,0.0,0.0
2020-02-01,1.0,1.0,0.0,0.0,1.0,10.19,0.0,0.0,0.0,0.0,0.0,31.49000000000001,25.959999999999994,-41.19088123515439,-3.744617577197144,13.019121140142515,-27.015608076009496,-33.823334916864596,-26.076095011876486,0.0,1.0,0.0,0.0,0.0,0.0
2020-02-02,1.0,1.0,0.0,0.0,1.0,10.19,0.0,0.0,0.0,0.0,0.0,19.28,13.760000000000005,-41.19088123515439,-3.744617577197144,13.019121140142515,-27.015608076009496,-33.823334916864596,-26.076095011876486,1.0,2.0,0.0,0.0,0.0,0.0
2020-02-03,1.0,1.0,0.0,0.0,1.0,10.19,0.0,0.0,0.0,0.0,0.0,8.719999999999999,10.569999999999993,-41.19088123515439,-3.744617577197144,13.019121140142515,-27.015608076009496,-33.823334916864596,-26.076095011876486,1.0,3.0,0.0,0.0,0.0,0.0
2020-02-04,1.0,1.0,0.0,0.0,1.0,10.19,0.0,0.0,0.0,0.0,0.0,11.319999999999993,13.230000000000004,-41.19088123515439,-3.744617577197144,13.019121140142515,-27.015608076009496,-33.823334916864596,-26.076095011876486,0.0,3.0,0.0,0.0,0.0,0.0
2020-02-05,1.0,1.0,0.0,0.0,1.0,10.19,0.0,0.0,0.0,0.0,0.0,5.920000000000002,11.120000000000005,-41.19088123515439,-3.744617577197144,13.019121140142515,-27.015608076009496,-33.823334916864596,-26.076095011876486,0.0,3.0,0.0,0.0,0.0,0.0
2020-02-06,1.0,1.0,0.0,0.0,1.0,10.19,0.0,0.0,0.0,0.0,0.0,10.799999999999997,12.760000000000005,-41.19088123515439,-3.744617577197144,13.019121140142515,-27.015608076009496,-33.823334916864596,-26.076095011876486,0.0,3.0,0.0,0.0,0.0,0.0
2020-02-07,1.0,1.0,0.0,0.0,1.0,10.19,0.0,0.0,0.0,0.0,0.0,26.790000000000006,21.709999999999994,-41.19088123515439,-3.744617577197144,13.019121140142515,-27.015608076009496,-33.823334916864596,-26.076095011876486,0.0,3.0,0.0,0.0,0.0,0.0
2020-02-08,1.0,1.0,0.0,0.0,1.0,10.19,0.0,0.0,0.0,0.0,0.0,37.97999999999999,31.52000000000001,-41.19088123515439,-3.744617577197144,13.019121140142515,-27.015608076009496,-33.823334916864596,-26.076095011876486,0.0,3.0,0.0,0.0,0.0,0.0
2020-02-09,1.0,1.0,0.0,0.0,1.0,10.19,0.0,0.0,0.0,0.0,0.0,33.389999999999986,24.040000000000006,-41.19088123515439,-3.744617577197144,13.019121140142515,-27.015608076009496,-33.823334916864596,-26.076095011876486,0.0,3.0,0.0,0.0,0.0,0.0
2020-02-10,1.0,1.0,0.0,0.0,1.0,10.19,0.0,0.0,0.0,0.0,0.0,9.319999999999993,11.180000000000007,-41.19088123515439,-3.744617577197144,13.019121140142515,-27.015608076009496,-33.823334916864596,-26.076095011876486,0.0,3.0,0.0,0.0,0.0,0.0
2020-02-11,1.0,1.0,0.0,0.0,1.0,10.19,0.0,0.0,0.0,0.0,0.0,8.379999999999995,10.370000000000005,-41.19088123515439,-3.744617577197144,13.019121140142515,-27.015608076009496,-33.823334916864596,-26.076095011876486,0.0,3.0,0.0,0.0,0.0,0.0
2020-02-12,1.0,1.0,0.0,0.0,1.0,10.19,0.0,0.0,0.0,0.0,0.0,15.120000000000005,14.14,-41.19088123515439,-3.744617577197144,13.019121140142515,-27.015608076009496,-33.823334916864596,-26.076095011876486,0.0,3.0,0.0,0.0,0.0,0.0
2020-02-13,1.0,1.0,0.0,0.0,1.0,10.19,0.0,0.0,0.0,0.0,0.0,15.599999999999994,13.439999999999998,-41.19088123515439,-3.744617577197144,13.019121140142515,-27.015608076009496,-33.823334916864596,-26.076095011876486,0.0,3.0,1.0,1.0,0.0,0.0
2020-02-14,1.0,1.0,0.0,0.0,1.0,10.19,0.0,0.0,0.0,0.0,0.0,36.80000000000001,26.819999999999993,-41.19088123515439,-3.744617577197144,13.019121140142515,-27.015608076009496,-33.823334916864596,-26.076095011876486,0.0,3.0,0.0,1.0,0.0,0.0
2020-02-15,1.0,1.0,0.0,0.0,1.0,10.19,0.0,0.0,0.0,0.0,0.0,41.22,28.870000000000005,-41.19088123515439,-3.744617577197144,13.019121140142515,-27.015608076009496,-33.823334916864596,-26.076095011876486,0.0,3.0,0.0,1.0,0.0,0.0
2020-02-16,1.0,1.0,0.0,0.0,1.0,10.19,0.0,0.0,0.0,0.0,0.0,34.78,23.879999999999995,-41.19088123515439,-3.744617577197144,13.019121140142515,-27.015608076009496,-33.823334916864596,-26.076095011876486,0.0,3.0,1.0,2.0,0.0,0.0
2020-02-17,1.0,1.0,0.0,0.0,1.0,10.19,0.0,0.0,0.0,0.0,0.0,10.739999999999995,12.459999999999994,0.667,1.6669999999999998,0.0,2.0,3.0,3.0,0.0,3.0,0.0,2.0,0.0,0.0
2020-02-18,1.0,1.0,0.0,0.0,1.0,10.19,0.0,0.0,0.0,0.0,0.0,9.829999999999998,11.89,0.5,1.75,0.0,2.0,3.25,3.0,0.0,3.0,0.0,2.0,0.0,0.0
2020-02-19,1.0,1.0,0.0,0.0,1.0,10.19,0.0,0.0,0.0,0.0,0.0,11.829999999999998,11.099999999999994,0.4,1.8,0.2,1.8,2.8,3.2,0.0,3.0,0.0,2.0,0.0,0.0
2020-02-20,1.0,1.0,0.0,0.0,1.0,10.19,0.0,0.0,0.0,0.0,0.0,19.25,10.89,0.5,2.0,0.0,2.333,3.167,3.333,0.0,3.0,1.0,3.0,0.0,0.0
2020-02-21,1.0,1.0,0.0,0.0,1.0,10.19,0.0,0.0,0.0,0.0,0.0,26.090000000000003,18.269999999999996,-0.14300000000000002,1.714,0.7140000000000001,1.429,3.571,0.14300000000000002,0.0,3.0,0.0,3.0,0.0,0.0
2020-02-22,1.0,1.0,0.0,0.0,1.0,10.19,0.0,0.0,0.0,0.0,0.0,32.78999999999999,24.28,-0.5710000000000001,1.143,0.857,0.7140000000000001,3.714,-0.857,0.0,3.0,0.0,3.0,0.0,0.0
2020-02-23,1.0,1.0,0.0,0.0,1.0,10.19,0.0,0.0,0.0,0.0,0.0,25.450000000000003,15.849999999999994,-1.143,0.7140000000000001,1.0,0.429,3.429,-0.5710000000000001,0.0,3.0,0.0,3.0,0.0,0.0
2020-02-24,1.0,1.0,0.0,0.0,1.0,10.19,0.0,0.0,0.0,0.0,0.0,12.010000000000005,6.890000000000001,-1.143,0.5710000000000001,1.0,0.429,3.286,-0.5710000000000001,0.0,3.0,0.0,3.0,0.0,0.0
2020-02-25,1.0,1.0,0.0,0.0,1.0,10.19,0.0,0.0,0.0,0.0,0.0,21.540000000000006,11.469999999999999,-1.286,0.0,1.0,0.28600000000000003,3.143,-0.857,0.0,3.0,0.0,3.0,0.0,0.0
2020-02-26,1.0,1.0,0.0,0.0,1.0,10.19,0.0,0.0,0.0,0.0,0.0,18.450000000000003,11.230000000000004,-1.286,-0.28600000000000003,0.7140000000000001,0.5710000000000001,3.143,-1.0,0.0,3.0,0.0,3.0,0.0,0.0
2020-02-27,1.0,1.0,0.0,0.0,1.0,10.19,0.0,0.0,0.0,0.0,0.0,15.219999999999999,9.510000000000005,-1.571,-0.857,0.857,0.0,2.857,-1.0,0.0,3.0,0.0,3.0,0.0,0.0
2020-02-28,1.0,1.0,0.0,0.0,1.0,10.19,0.0,0.0,0.0,0.0,0.0,24.069999999999993,16.430000000000007,-1.0,-0.7140000000000001,0.14300000000000002,0.7140000000000001,2.4290000000000003,2.4290000000000003,0.0,3.0,0.0,3.0,0.0,0.0
2020-02-29,1.0,1.0,0.0,0.0,1.0,10.19,0.0,0.0,0.0,0.0,0.0,30.419999999999987,20.97,-1.0,-0.5710000000000001,0.0,1.0,1.714,3.857,0.0,3.0,0.0,3.0,0.0,0.0
2020-03-01,1.0,1.0,0.0,0.0,1.0,10.19,0.0,0.0,0.0,0.0,0.0,20.680000000000007,13.129999999999995,-0.5710000000000001,0.14300000000000002,0.0,1.0,1.714,4.0,0.0,3.0,0.0,3.0,0.0,0.0
2020-03-02,1.0,1.0,0.0,0.0,1.0,10.19,0.0,0.0,0.0,0.0,0.0,8.040000000000006,8.290000000000006,-0.429,0.429,0.0,0.857,1.857,4.143,2.0,5.0,0.0,3.0,0.0,0.0
2020-03-03,1.0,1.0,0.0,0.0,1.0,10.19,0.0,0.0,0.0,0.0,0.0,2.7900000000000063,7.650000000000006,-0.429,1.0,0.0,0.7140000000000001,1.857,4.5710000000000015,1.0,6.0,0.0,3.0,0.0,0.0
2020-03-04,1.0,1.0,0.0,0.0,1.0,10.19,0.0,0.0,0.0,0.0,0.0,5.280000000000001,5.650000000000006,-0.429,1.714,0.14300000000000002,0.7140000000000001,1.857,5.143,22.0,28.0,0.0,3.0,0.0,0.0
2020-03-05,2.0,1.0,0.0,1.0,1.0,26.85,0.0,0.0,0.0,0.0,0.0,5.200000000000003,3.1099999999999994,-0.429,2.286,0.14300000000000002,0.857,1.857,5.2860000000000005,2.0,30.0,0.0,3.0,0.0,0.0
2020-03-06,2.0,1.0,0.0,1.0,1.0,26.85,0.0,0.0,0.0,0.0,0.0,18.400000000000006,9.829999999999998,-0.5710000000000001,2.4290000000000003,0.28600000000000003,1.143,1.429,5.2860000000000005,1.0,31.0,0.0,3.0,0.0,0.0
2020-03-07,2.0,1.0,0.0,1.0,1.0,26.85,0.0,0.0,0.0,0.0,0.0,28.650000000000006,17.790000000000006,-0.28600000000000003,3.429,0.28600000000000003,1.857,1.857,5.143,3.0,34.0,0.0,3.0,0.0,0.0
2020-03-08,2.0,1.0,0.0,1.0,1.0,26.85,0.0,0.0,0.0,0.0,0.0,12.75,6.420000000000002,-0.14300000000000002,4.143,0.14300000000000002,2.286,2.0,5.5710000000000015,5.0,39.0,0.0,3.0,0.0,0.0
2020-03-09,2.0,1.0,0.0,1.0,1.0,26.85,0.0,0.0,0.0,0.0,0.0,-6.819999999999993,-9.959999999999994,-0.28600000000000003,4.714,0.5710000000000001,1.429,2.143,3.143,9.0,48.0,0.0,3.0,0.0,0.0
2020-03-10,2.0,1.0,0.0,1.0,1.0,26.85,0.0,0.0,0.0,0.0,0.0,-5.459999999999994,-10.659999999999997,-2.857,1.143,2.143,-1.714,1.143,-3.714,15.0,63.0,1.0,4.0,0.0,0.0
2020-03-11,2.0,1.0,0.0,1.0,1.0,26.85,0.0,0.0,0.0,0.0,0.0,1.2099999999999937,0.4200000000000017,-3.571,0.28600000000000003,2.286,-2.286,0.7140000000000001,-5.4289999999999985,8.0,71.0,0.0,4.0,0.0,0.0
2020-03-12,2.0,1.0,0.0,1.0,1.0,26.85,0.0,0.0,0.0,0.0,0.0,-2.950000000000003,-2.5600000000000023,-3.857,0.0,2.286,-2.571,0.5710000000000001,-6.143,10.0,81.0,0.0,4.0,1.0,1.0
2020-03-13,2.0,1.0,0.0,1.0,1.0,33.33,0.0,0.0,0.0,0.0,0.0,1.0100000000000051,-2.0999999999999943,-4.4289999999999985,-0.14300000000000002,2.286,-3.286,0.5710000000000001,-6.857,10.0,91.0,6.0,10.0,0.0,1.0
2020-03-14,2.0,1.0,0.0,2.0,1.0,36.11,0.0,0.0,0.0,0.0,0.0,7.659999999999997,-0.9099999999999966,-6.0,-1.429,2.857,-5.143,-0.5710000000000001,-8.714,11.0,102.0,0.0,10.0,1.0,2.0
2020-03-15,2.0,1.0,0.0,2.0,1.0,38.89,0.0,0.0,0.0,0.0,0.0,-2.6299999999999955,-7.900000000000006,-7.857,-2.857,3.286,-6.5710000000000015,-1.714,-9.286,10.0,112.0,3.0,13.0,0.0,2.0
2020-03-16,2.0,1.0,0.0,2.0,1.0,48.15,0.0,0.0,0.0,0.0,0.0,-14.090000000000003,-13.829999999999998,-8.857000000000003,-3.429,3.286,-6.5710000000000015,-2.4290000000000003,-8.142999999999999,14.0,126.0,1.0,14.0,0.0,2.0
2020-03-17,2.0,1.0,0.0,2.0,1.0,48.15,0.0,0.0,0.0,0.0,0.0,-18.659999999999997,-18.340000000000003,-7.713999999999999,-0.14300000000000002,2.143,-4.714,-2.143,-3.0,20.0,146.0,1.0,15.0,1.0,3.0
2020-03-18,2.0,1.0,0.0,2.0,1.0,50.0,0.0,0.0,0.0,0.0,0.0,-21.760000000000005,-21.659999999999997,-8.714,0.14300000000000002,2.571,-6.0,-2.714,-3.429,25.0,171.0,0.0,15.0,0.0,3.0
2020-03-19,2.0,1.0,0.0,2.0,1.0,59.72,0.0,0.0,0.0,0.0,0.0,-30.47,-32.42,-10.571,0.14300000000000002,3.286,-8.0,-4.0,-5.0,27.0,198.0,5.0,20.0,1.0,4.0
2020-03-20,2.0,1.0,2.0,2.0,1.0,70.83,0.0,0.0,0.0,0.0,0.0,-36.57,-42.07,-13.0,0.14300000000000002,4.143,-10.286,-5.857,-7.143,58.0,256.0,3.0,23.0,0.0,4.0
2020-03-21,2.0,1.0,2.0,2.0,1.0,76.39,0.0,0.0,0.0,0.0,0.0,-54.76,-58.89,-16.285999999999998,0.0,4.714,-12.714,-8.286,-8.857000000000003,78.0,334.0,0.0,23.0,0.0,4.0
2020-03-22,2.0,3.0,2.0,2.0,1.0,100.0,0.0,0.0,0.0,0.0,0.0,-67.33,-67.12,-25.857,-10.714,7.286,-21.714,-15.714,-16.143,69.0,403.0,0.0,23.0,3.0,7.0
2020-03-23,2.0,3.0,2.0,2.0,1.0,86.57,0.0,0.0,0.0,0.0,0.0,-59.56,-64.07,-32.429,-14.857,9.714,-28.286,-20.571,-22.714,94.0,497.0,2.0,25.0,2.0,9.0
2020-03-24,2.0,3.0,2.0,2.0,1.0,86.57,0.0,0.0,0.0,0.0,0.0,-74.7,-70.68,-40.571,-21.714,12.857,-36.143,-26.571,-30.857,74.0,571.0,15.0,40.0,1.0,10.0
2020-03-25,2.0,3.0,2.0,2.0,1.0,100.0,0.0,0.0,0.0,0.0,0.0,-78.07,-69.67,-49.857,-31.0,16.570999999999998,-45.143,-33.286,-40.0,86.0,657.0,3.0,43.0,1.0,11.0
2020-03-26,2.0,3.0,2.0,2.0,1.0,100.0,0.0,0.0,0.0,0.0,0.0,-78.78,-67.97,-58.429,-40.286,20.143,-53.57100000000001,-39.571,-48.429,73.0,730.0,7.0,50.0,5.0,16.0
2020-03-27,2.0,3.0,2.0,2.0,1.0,100.0,0.0,0.0,0.0,0.0,0.0,-78.07,-65.6,-66.286,-49.57100000000001,23.571,-61.429,-45.143,-56.286,153.0,883.0,25.0,75.0,3.0,19.0
2020-03-28,2.0,3.0,2.0,2.0,1.0,100.0,0.0,0.0,0.0,0.0,0.0,-78.08,-67.15,-72.571,-58.286,26.571,-68.286,-49.57100000000001,-63.143,136.0,1019.0,10.0,85.0,5.0,24.0
2020-03-29,2.0,3.0,2.0,2.0,1.0,100.0,0.0,0.0,0.0,0.0,0.0,-78.81,-70.07,-72.429,-56.714,26.714,-68.429,-49.429,-62.857,120.0,1139.0,17.0,102.0,3.0,27.0
2020-03-30,2.0,3.0,2.0,2.0,1.0,100.0,0.0,0.0,0.0,0.0,0.0,-80.78,-72.82,-75.571,-61.857,28.143,-71.571,-51.714,-65.429,187.0,1326.0,35.0,137.0,14.0,41.0
2020-03-31,2.0,3.0,2.0,2.0,1.0,100.0,0.0,0.0,0.0,0.0,0.0,-82.14,-74.55,-76.571,-64.0,28.714,-72.857,-52.57100000000001,-65.857,309.0,1635.0,13.0,150.0,6.0,47.0
2020-04-01,2.0,3.0,2.0,2.0,1.0,100.0,0.0,0.0,0.0,0.0,0.0,-82.33,-75.07,-76.429,-64.0,28.571,-72.857,-52.429,-65.286,424.0,2059.0,19.0,169.0,6.0,53.0
2020-04-02,2.0,3.0,2.0,2.0,1.0,100.0,0.0,1.0,0.0,0.0,0.0,-83.01,-75.57,-76.429,-64.143,28.571,-73.0,-52.429,-65.143,486.0,2545.0,22.0,191.0,16.0,69.0
2020-04-03,2.0,3.0,2.0,2.0,1.0,100.0,0.0,1.0,0.0,0.0,0.0,-83.28,-75.18,-76.286,-63.857,28.429,-73.0,-52.286,-64.714,560.0,3105.0,39.0,230.0,14.0,83.0
2020-04-04,2.0,3.0,2.0,2.0,1.0,100.0,0.0,1.0,0.0,0.0,0.0,-83.42,-77.18,-76.143,-63.714,28.286,-73.0,-52.143,-64.0,579.0,3684.0,56.0,286.0,13.0,96.0
2020-04-05,2.0,3.0,2.0,2.0,1.0,100.0,0.0,1.0,0.0,0.0,0.0,-83.7,-75.27,-76.143,-63.714,28.143,-73.0,-52.0,-63.429,609.0,4293.0,43.0,329.0,22.0,118.0
2020-04-06,2.0,3.0,2.0,2.0,1.0,100.0,0.0,1.0,0.0,0.0,0.0,-83.31,-76.88,-76.143,-63.714,28.143,-72.857,-51.857,-63.429,484.0,4777.0,65.0,394.0,16.0,134.0
2020-04-07,2.0,3.0,2.0,2.0,1.0,100.0,0.0,1.0,0.0,0.0,0.0,-83.22,-76.86,-76.571,-62.286,28.0,-72.0,-51.286,-63.286,573.0,5350.0,75.0,469.0,27.0,161.0
2020-04-08,2.0,3.0,2.0,2.0,1.0,100.0,0.0,1.0,0.0,0.0,0.0,-82.66,-74.61,-76.857,-60.57100000000001,28.0,-71.286,-50.714,-63.143,565.0,5915.0,96.0,565.0,20.0,181.0
2020-04-09,2.0,3.0,2.0,2.0,3.0,100.0,0.0,4.0,0.0,0.0,0.0,-82.75,-75.19,-77.143,-59.0,28.0,-70.429,-50.286,-63.0,813.0,6728.0,70.0,635.0,46.0,227.0
2020-04-10,2.0,3.0,2.0,2.0,3.0,100.0,0.0,4.0,0.0,0.0,0.0,-82.44,-75.42,-77.571,-57.714,28.286,-69.857,-49.857,-63.286,871.0,7599.0,151.0,786.0,22.0,249.0
2020-04-11,2.0,3.0,2.0,2.0,3.0,100.0,0.0,4.0,0.0,0.0,0.0,-82.72,-74.93,-78.0,-56.429,28.571,-69.286,-49.714,-63.714,854.0,8453.0,186.0,972.0,41.0,290.0
2020-04-12,2.0,3.0,2.0,2.0,3.0,100.0,0.0,4.0,0.0,0.0,0.0,-82.72,-74.22,-78.286,-55.143,28.714,-68.714,-49.429,-63.857,758.0,9211.0,114.0,1086.0,42.0,332.0
2020-04-13,2.0,3.0,2.0,2.0,3.0,100.0,0.0,4.0,0.0,0.0,0.0,-82.51,-74.74,-78.571,-53.714,28.857,-68.143,-49.143,-63.57100000000001,1243.0,10454.0,112.0,1198.0,27.0,359.0
2020-04-14,2.0,3.0,2.0,2.0,3.0,100.0,0.0,4.0,0.0,0.0,0.0,-81.27,-72.85,-78.571,-54.0,29.143,-68.429,-49.286,-63.857,1031.0,11485.0,167.0,1365.0,37.0,396.0
2020-04-15,2.0,3.0,2.0,2.0,3.0,100.0,0.0,4.0,0.0,0.0,0.0,-81.44,-73.46000000000001,-78.571,-53.857,29.143,-68.143,-49.286,-63.429,886.0,12371.0,144.0,1509.0,27.0,423.0
2020-04-16,2.0,3.0,2.0,2.0,3.0,100.0,0.0,4.0,0.0,0.0,0.0,-81.96000000000001,-73.89,-79.571,-52.429,29.143,-67.714,-51.0,-63.0,1061.0,13432.0,258.0,1767.0,26.0,449.0
2020-04-17,2.0,3.0,2.0,2.0,3.0,100.0,0.0,4.0,0.0,0.0,0.0,-82.06,-74.83,-80.429,-51.0,29.0,-67.143,-52.714,-62.429,922.0,14354.0,273.0,2040.0,38.0,487.0
2020-04-18,2.0,3.0,2.0,2.0,3.0,100.0,0.0,4.0,0.0,0.0,0.0,-82.21000000000001,-75.13,-81.429,-50.286,28.714,-66.857,-54.714,-61.857,1371.0,15725.0,426.0,2466.0,35.0,522.0
2020-04-19,2.0,3.0,2.0,2.0,3.0,100.0,0.0,4.0,0.0,0.0,0.0,-81.03999999999999,-74.06,-82.429,-49.429,28.714,-66.571,-56.714,-61.57100000000001,1580.0,17305.0,388.0,2854.0,38.0,560.0
2020-04-20,2.0,3.0,2.0,2.0,3.0,96.3,0.0,4.0,0.0,0.0,0.0,-80.93,-74.05,-83.571,-48.57100000000001,28.571,-66.286,-58.714,-61.143,1239.0,18544.0,419.0,3273.0,33.0,593.0
2020-04-21,2.0,3.0,2.0,2.0,3.0,96.3,0.0,4.0,0.0,0.0,0.0,-81.38,-74.7,-84.571,-47.429,28.429,-65.857,-60.857,-60.429,1537.0,20081.0,703.0,3976.0,53.0,646.0
2020-04-22,2.0,3.0,2.0,2.0,3.0,96.3,0.0,4.0,0.0,0.0,0.0,-81.77,-74.45,-85.714,-46.714,28.429,-65.857,-63.0,-60.286,1292.0,21373.0,394.0,4370.0,36.0,682.0
2020-04-23,2.0,3.0,2.0,2.0,3.0,96.3,0.0,4.0,0.0,0.0,0.0,-81.38,-75.22,-85.85700000000001,-47.143,28.429,-66.0,-63.286,-60.143,1667.0,23040.0,642.0,5012.0,40.0,722.0
2020-04-24,2.0,3.0,2.0,2.0,3.0,96.3,0.0,4.0,0.0,0.0,0.0,-81.08,-75.33,-85.85700000000001,-47.286,28.286,-66.143,-63.714,-59.857,1408.0,24448.0,484.0,5496.0,59.0,781.0
2020-04-25,2.0,3.0,2.0,2.0,3.0,96.3,0.0,4.0,0.0,0.0,0.0,-81.83,-75.28999999999999,-85.714,-46.714,28.429,-66.0,-63.57100000000001,-59.714,1835.0,26283.0,442.0,5938.0,44.0,825.0
2020-04-26,2.0,3.0,2.0,2.0,3.0,96.3,0.0,4.0,0.0,0.0,0.0,-81.78999999999999,-74.68,-85.714,-46.857,28.429,-66.143,-63.57100000000001,-59.57100000000001,1607.0,27890.0,585.0,6523.0,56.0,881.0
2020-04-27,2.0,3.0,2.0,2.0,3.0,96.3,0.0,4.0,0.0,0.0,0.0,-80.78,-73.34,-85.571,-46.857,28.571,-66.143,-63.57100000000001,-59.429,1568.0,29458.0,580.0,7103.0,58.0,939.0
2020-04-28,2.0,3.0,2.0,2.0,3.0,96.3,0.0,4.0,0.0,0.0,0.0,-80.89,-73.87,-85.571,-46.714,28.429,-66.143,-63.429,-59.286,1902.0,31360.0,636.0,7739.0,69.0,1008.0
2020-04-29,2.0,3.0,2.0,2.0,3.0,96.3,0.0,4.0,0.0,0.0,0.0,-80.23,-73.96000000000001,-85.429,-46.429,28.429,-65.857,-63.286,-59.0,1705.0,33065.0,690.0,8429.0,71.0,1079.0
2020-04-30,2.0,3.0,2.0,2.0,3.0,96.3,0.0,4.0,0.0,0.0,0.0,-79.25,-73.78999999999999,-85.14299999999999,-45.857,28.286,-65.571,-63.0,-58.57100000000001,1801.0,34866.0,630.0,9059.0,75.0,1154.0
2020-05-01,2.0,3.0,2.0,2.0,3.0,96.3,0.0,4.0,0.0,0.0,0.0,-78.49,-72.14,-85.14299999999999,-45.714,28.286,-65.429,-62.857,-58.714,2396.0,37262.0,962.0,10021.0,77.0,1231.0
2020-05-02,2.0,3.0,2.0,2.0,3.0,96.3,0.0,4.0,0.0,0.0,0.0,-77.85,-73.6,-85.0,-45.429,28.0,-65.143,-62.714,-58.0,2564.0,39826.0,831.0,10852.0,92.0,1323.0
2020-05-03,2.0,3.0,2.0,2.0,3.0,96.3,0.0,4.0,0.0,0.0,0.0,-75.89,-70.43,-84.85700000000001,-44.714,27.857,-64.714,-62.57100000000001,-57.429,2952.0,42778.0,911.0,11763.0,140.0,1463.0
2020-05-04,2.0,2.0,2.0,2.0,3.0,81.94,0.0,4.0,0.0,0.0,0.0,-73.33,-68.09,-84.286,-43.0,27.286,-63.857,-62.286,-56.57100000000001,3656.0,46434.0,1082.0,12845.0,103.0,1566.0
2020-05-05,2.0,2.0,2.0,2.0,3.0,81.94,0.0,4.0,0.0,0.0,0.0,-72.16,-68.26,-83.714,-41.429,27.0,-62.857,-62.143,-55.57100000000001,2971.0,49405.0,1295.0,14140.0,128.0,1694.0
2020-05-06,2.0,2.0,2.0,2.0,3.0,81.94,0.0,4.0,0.0,0.0,0.0,-70.88,-67.07,-82.85700000000001,-39.429,26.429,-61.714,-61.857,-54.57100000000001,3602.0,53007.0,1161.0,15301.0,91.0,1785.0
2020-05-07,2.0,2.0,2.0,2.0,3.0,81.94,0.0,4.0,0.0,0.0,0.0,-71.16,-66.84,-82.14299999999999,-37.714,26.0,-60.714,-61.714,-53.857,3344.0,56351.0,1475.0,16776.0,104.0,1889.0
2020-05-08,2.0,2.0,2.0,2.0,3.0,81.94,0.0,4.0,0.0,0.0,0.0,-70.2,-65.75999999999999,-81.286,-35.571,25.429,-59.429,-61.286,-52.143,3339.0,59690.0,1111.0,17887.0,97.0,1986.0
2020-05-09,2.0,2.0,2.0,2.0,3.0,81.94,0.0,4.0,0.0,0.0,0.0,-70.32,-67.43,-80.571,-33.857,25.143,-58.429,-61.0,-51.429,3175.0,62865.0,1414.0,19301.0,115.0,2101.0
2020-05-10,2.0,2.0,2.0,2.0,3.0,81.94,0.0,4.0,0.0,0.0,0.0,-70.45,-67.72999999999999,-80.143,-32.857,24.857,-57.714,-60.714,-50.714,4311.0,67176.0,1669.0,20970.0,112.0,2213.0
2020-05-11,2.0,2.0,2.0,2.0,3.0,81.94,0.0,4.0,0.0,0.0,0.0,-1.4875717439293794,-2.140198675496677,-79.714,-31.857,24.571,-57.0,-60.429,-49.857,3592.0,70768.0,1579.0,22549.0,81.0,2294.0
2020-05-12,2.0,2.0,2.0,2.0,3.0,81.94,0.0,4.0,0.0,0.0,0.0,-1.4875717439293794,-2.140198675496677,-79.286,-30.857,24.286,-56.429,-60.0,-49.286,3562.0,74330.0,1905.0,24454.0,120.0,2414.0
2020-05-13,2.0,2.0,2.0,2.0,3.0,81.94,0.0,4.0,0.0,0.0,0.0,-67.89,-64.5,-79.0,-30.286,24.0,-56.0,-59.714,-48.57100000000001,3726.0,78056.0,1963.0,26417.0,137.0,2551.0
2020-05-14,2.0,2.0,2.0,2.0,3.0,81.94,0.0,4.0,0.0,0.0,0.0,-67.86,-64.47999999999999,-78.714,-29.714,23.571,-55.57100000000001,-59.429,-47.57100000000001,3991.0,82047.0,1594.0,28011.0,97.0,2648.0
2020-05-15,2.0,2.0,2.0,2.0,3.0,81.94,0.0,4.0,0.0,0.0,0.0,-67.2,-64.14,-78.286,-28.857,23.143,-55.0,-59.0,-47.0,3808.0,85855.0,2234.0,30245.0,104.0,2752.0
2020-05-16,2.0,2.0,2.0,2.0,3.0,81.94,0.0,4.0,0.0,0.0,0.0,-67.06,-64.65,-77.857,-27.857,22.714,-54.286,-58.57100000000001,-45.857,4794.0,90649.0,4012.0,34257.0,120.0,2872.0
2020-05-17,2.0,2.0,2.0,2.0,3.0,81.94,0.0,4.0,0.0,0.0,0.0,-66.91,-63.09,-77.429,-26.857,22.429,-53.714,-58.286,-45.143,5049.0,95698.0,2538.0,36795.0,152.0,3024.0
2020-05-18,2.0,2.0,2.0,2.0,3.0,79.17,0.0,4.0,0.0,0.0,0.0,-64.71000000000001,-61.55,-76.857,-25.857,22.0,-53.143,-58.0,-44.429,4628.0,100326.0,2482.0,39277.0,131.0,3155.0
2020-05-19,2.0,2.0,2.0,2.0,3.0,79.17,0.0,4.0,0.0,0.0,0.0,-63.49,-61.62,-76.143,-24.714,21.571,-52.429,-57.857,-43.57100000000001,6154.0,106480.0,3032.0,42309.0,146.0,3301.0
2020-05-20,2.0,2.0,2.0,2.0,3.0,79.17,0.0,4.0,0.0,0.0,0.0,-62.85,-60.14,-75.429,-24.0,21.286,-51.857,-57.714,-42.857,5720.0,112200.0,3113.0,45422.0,134.0,3435.0
2020-05-21,2.0,2.0,2.0,2.0,3.0,79.17,0.0,4.0,0.0,0.0,0.0,-62.01,-59.16,-74.714,-23.0,21.0,-51.143,-57.57100000000001,-42.143,6023.0,118223.0,3131.0,48553.0,148.0,3583.0
2020-05-22,2.0,2.0,2.0,2.0,3.0,79.17,0.0,4.0,0.0,0.0,0.0,-60.34,-60.0,-74.143,-22.286,20.714,-50.57100000000001,-57.57100000000001,-41.286,6536.0,124759.0,3280.0,51833.0,142.0,3725.0
2020-05-23,2.0,2.0,2.0,2.0,3.0,79.17,0.0,4.0,0.0,0.0,0.0,-60.94,-60.6,-73.429,-21.286,20.286,-50.0,-57.57100000000001,-40.714,6667.0,131424.0,2576.0,54409.0,142.0,3867.0
2020-05-24,2.0,2.0,2.0,2.0,3.0,79.17,0.0,4.0,0.0,0.0,0.0,-63.35,-60.47,-73.0,-20.714,20.0,-49.429,-57.286,-40.286,7111.0,138537.0,3285.0,57694.0,156.0,4023.0
2020-05-25,2.0,2.0,2.0,2.0,3.0,79.17,0.0,4.0,0.0,0.0,0.0,-60.19,-59.22,-72.571,-20.429,20.0,-49.286,-57.143,-41.143,6414.0,144951.0,3012.0,60706.0,150.0,4173.0
2020-05-26,2.0,2.0,2.0,2.0,3.0,79.17,0.0,4.0,0.0,0.0,0.0,-58.5,-54.51,-72.143,-19.857,19.714,-48.714,-56.857,-40.571,5907.0,150858.0,3585.0,64291.0,173.0,4346.0
2020-05-27,2.0,2.0,2.0,2.0,3.0,79.17,0.0,4.0,0.0,0.0,0.0,-58.74,-57.14,-71.714,-18.714,19.429,-48.143,-56.57100000000001,-39.857,7246.0,158104.0,3434.0,67725.0,188.0,4534.0
2020-05-28,2.0,2.0,2.0,2.0,3.0,79.17,0.0,4.0,0.0,0.0,0.0,-58.17,-58.31,-71.286,-17.857,19.143,-47.714,-56.286,-39.286,7254.0,165358.0,3171.0,70896.0,176.0,4710.0
2020-05-29,2.0,2.0,2.0,2.0,3.0,79.17,0.0,4.0,0.0,0.0,0.0,-56.58,-54.91,-70.857,-16.857,18.857,-47.286,-56.0,-38.714,8138.0,173496.0,11735.0,82631.0,269.0,4979.0
2020-05-30,2.0,2.0,2.0,2.0,3.0,79.17,0.0,4.0,0.0,0.0,0.0,-55.88,-58.56,-70.429,-16.0,18.571,-46.714,-55.857,-37.571,8364.0,181860.0,4303.0,86934.0,205.0,5184.0
2020-05-31,2.0,2.0,2.0,2.0,3.0,79.17,0.0,4.0,0.0,0.0,0.0,-55.31,-55.41,-70.0,-15.143,18.429,-46.143,-55.857,-36.429,8789.0,190649.0,4928.0,91862.0,222.0,5406.0
2020-06-01,2.0,2.0,2.0,2.0,3.0,75.46,0.0,4.0,0.0,0.0,0.0,-52.73,-52.03,-69.143,-13.0,17.714000000000006,-44.714,-55.57100000000001,-34.143,7723.0,198372.0,3882.0,95744.0,201.0,5607.0
2020-06-02,2.0,2.0,2.0,2.0,3.0,75.46,0.0,4.0,0.0,0.0,0.0,-51.92,-51.64,-68.429,-11.286,17.285999999999998,-43.857,-55.429,-33.429,8812.0,207187.0,4531.0,100275.0,222.0,5829.0
2020-06-03,2.0,2.0,2.0,2.0,3.0,75.46,0.0,4.0,0.0,0.0,0.0,-53.13,-52.47,-67.857,-10.0,17.0,-43.143,-55.286,-32.857,9689.0,216876.0,3789.0,104064.0,259.0,6088.0
2020-06-04,2.0,2.0,2.0,2.0,3.0,75.46,0.0,4.0,0.0,0.0,0.0,-52.47,-51.96,-67.143,-8.571,16.570999999999998,-42.143,-55.143,-32.143,9847.0,226723.0,4390.0,108454.0,274.0,6362.0
2020-06-05,2.0,2.0,2.0,2.0,3.0,75.46,0.0,4.0,0.0,0.0,0.0,-50.13,-50.46,-66.143,-7.4289999999999985,16.285999999999998,-41.286,-54.857,-31.571,9472.0,236195.0,4770.0,113224.0,286.0,6648.0
2020-06-06,2.0,2.0,2.0,2.0,3.0,75.46,0.0,4.0,0.0,0.0,0.0,-47.33,-51.19,-65.286,-6.4289999999999985,16.0,-40.571,-54.429,-31.143,10408.0,246603.0,5433.0,118657.0,297.0,6945.0
2020-06-07,2.0,2.0,2.0,2.0,3.0,75.46,0.0,4.0,0.0,0.0,0.0,-46.91,-50.82,-64.429,-5.2860000000000005,15.714,-39.857,-54.0,-30.857,10882.0,257485.0,5191.0,123848.0,261.0,7206.0
2020-06-08,2.0,2.0,2.0,2.0,3.0,75.46,0.0,4.0,0.0,0.0,0.0,-44.72,-47.59,-63.57100000000001,-4.4289999999999985,15.429,-39.429,-53.714,-30.429,8536.0,266021.0,5171.0,129019.0,271.0,7477.0
2020-06-09,2.0,2.0,2.0,2.0,3.0,76.85,0.0,4.0,0.0,0.0,0.0,-43.51,-45.78,-62.714,-3.857,15.286,-39.0,-53.429,-30.0,9981.0,276002.0,5634.0,134653.0,272.0,7749.0
2020-06-10,2.0,2.0,2.0,2.0,3.0,76.85,0.0,4.0,0.0,0.0,0.0,-43.48,-47.89,-61.714,-3.0,15.0,-38.286,-53.0,-29.571,11156.0,287158.0,6275.0,140928.0,358.0,8107.0
2020-06-11,2.0,2.0,2.0,2.0,3.0,76.85,0.0,4.0,0.0,0.0,0.0,-44.05,-46.66,-60.714,-2.143,14.857,-37.857,-52.429,-29.286,11135.0,298293.0,6044.0,146972.0,394.0,8501.0
2020-06-12,2.0,2.0,2.0,2.0,3.0,76.85,0.0,4.0,0.0,0.0,0.0,-42.45,-46.2,-60.0,-1.0,14.571,-37.429,-52.143,-29.143,11306.0,309599.0,7263.0,154235.0,388.0,8889.0
2020-06-13,2.0,2.0,2.0,2.0,3.0,76.85,0.0,4.0,0.0,0.0,0.0,-42.13,-49.3,-59.429,-0.429,14.571,-37.143,-51.857,-29.571,12039.0,321638.0,8092.0,162327.0,309.0,9198.0
2020-06-14,2.0,2.0,2.0,2.0,3.0,76.85,0.0,4.0,0.0,0.0,0.0,-43.39,-48.82,-59.0,-0.14300000000000002,14.571,-36.857,-51.57100000000001,-29.571,11405.0,333043.0,7358.0,169685.0,324.0,9522.0
2020-06-15,2.0,2.0,2.0,2.0,3.0,76.85,0.0,4.0,0.0,0.0,0.0,-44.05,-45.56,-58.57100000000001,0.0,14.571,-36.714,-51.286,-29.714,10032.0,343075.0,10639.0,180324.0,396.0,9918.0
2020-06-16,2.0,2.0,2.0,2.0,3.0,76.85,0.0,4.0,0.0,0.0,0.0,-45.43,-47.27,-58.286,0.14300000000000002,14.429,-36.714,-50.857,-29.714,11086.0,354161.0,7226.0,187550.0,2004.0,11922.0
2020-06-17,2.0,2.0,2.0,2.0,3.0,76.85,0.0,4.0,0.0,0.0,0.0,-44.97,-45.72,-58.0,0.28600000000000003,14.286,-36.714,-50.714,-29.857,13108.0,367269.0,6890.0,194440.0,341.0,12263.0
2020-06-18,2.0,2.0,2.0,2.0,3.0,76.39,0.0,4.0,0.0,0.0,0.0,-44.99,-45.15,-58.0,-0.14300000000000002,14.286,-37.0,-50.714,-30.0,13829.0,381098.0,10741.0,205181.0,343.0,12606.0
2020-06-19,2.0,2.0,2.0,2.0,3.0,76.39,0.0,4.0,0.0,0.0,0.0,-43.66,-46.31,-58.0,-0.857,14.286,-37.286,-50.714,-30.143,14740.0,395838.0,9029.0,214210.0,364.0,12970.0
2020-06-20,2.0,2.0,2.0,2.0,3.0,76.39,0.0,4.0,0.0,0.0,0.0,-49.27,-52.88,-58.0,-1.286,14.0,-37.429,-50.714,-29.571,15918.0,411753.0,13974.0,228184.0,308.0,13278.0
2020-06-21,2.0,2.0,2.0,2.0,3.0,76.39,0.0,4.0,0.0,0.0,0.0,-46.57,-49.27,-58.57100000000001,-3.143,14.429,-38.571,-51.0,-30.143,15151.0,426904.0,9075.0,237259.0,426.0,13704.0
2020-06-22,2.0,2.0,2.0,2.0,3.0,76.39,0.0,4.0,0.0,0.0,0.0,-39.82,-40.38,-58.429,-3.0,14.429,-38.571,-51.0,-30.286,13560.0,440464.0,10879.0,248138.0,312.0,14016.0
2020-06-23,2.0,2.0,2.0,2.0,2.0,76.39,0.0,4.0,0.0,0.0,0.0,-38.91,-40.7,-58.286,-2.714,14.571,-38.429,-51.0,-30.571,15656.0,456120.0,10462.0,258600.0,468.0,14484.0
2020-06-24,2.0,2.0,2.0,2.0,2.0,76.39,0.0,4.0,0.0,0.0,0.0,-39.38,-41.69,-58.286,-2.857,14.571,-38.571,-51.0,-30.571,16868.0,472988.0,13089.0,271689.0,424.0,14908.0
2020-06-25,2.0,2.0,2.0,2.0,2.0,76.39,0.0,4.0,0.0,0.0,0.0,-40.21,-41.88,-58.429,-3.0,14.571,-38.571,-51.0,-30.571,18205.0,491193.0,13983.0,285672.0,401.0,15309.0
2020-06-26,2.0,2.0,2.0,2.0,2.0,76.39,0.0,4.0,0.0,0.0,0.0,-37.3,-40.71,-58.57100000000001,-3.0,14.571,-38.571,-50.857,-30.429,18255.0,509448.0,10246.0,295918.0,381.0,15690.0
2020-06-27,2.0,2.0,2.0,2.0,2.0,76.39,0.0,4.0,0.0,0.0,0.0,-35.879999999999995,-42.37,-58.714,-3.143,14.714,-38.714,-50.857,-31.0,20142.0,529590.0,14229.0,310147.0,414.0,16104.0
2020-06-28,2.0,2.0,2.0,2.0,2.0,76.39,0.0,4.0,0.0,0.0,0.0,-35.010000000000005,-40.87,-58.286,-2.0,14.286,-38.0,-50.714,-30.714,19610.0,549200.0,11631.0,321778.0,384.0,16488.0
2020-06-29,2.0,2.0,2.0,2.0,2.0,76.39,0.0,4.0,0.0,0.0,0.0,-36.59,-38.49,-58.57100000000001,-2.714,14.286,-38.286,-50.714,-30.571,18339.0,567539.0,13497.0,335275.0,417.0,16905.0
2020-06-30,2.0,2.0,2.0,2.0,2.0,76.39,0.0,4.0,0.0,0.0,0.0,-38.02,-40.82,-58.429,-3.143,14.143,-38.571,-50.714,-30.429,18256.0,585795.0,12565.0,347840.0,506.0,17411.0
2020-07-01,2.0,2.0,1.0,2.0,2.0,74.07,0.0,4.0,0.0,0.0,0.0,-37.28,-38.07,-58.429,-3.429,14.143,-38.857,-50.57100000000001,-30.429,19429.0,605224.0,12064.0,359904.0,438.0,17849.0
2020-07-02,2.0,2.0,1.0,2.0,2.0,74.07,0.0,4.0,0.0,0.0,0.0,-38.98,-41.19,-58.143,-3.429,14.143,-39.0,-50.429,-30.429,21947.0,627171.0,19999.0,379903.0,378.0,18227.0
2020-07-03,2.0,2.0,1.0,2.0,2.0,74.07,0.0,4.0,0.0,0.0,0.0,-37.65,-40.08,-58.0,-3.571,14.286,-39.143,-50.429,-30.429,22718.0,649889.0,14417.0,394320.0,444.0,18671.0
2020-07-04,2.0,2.0,1.0,2.0,2.0,74.07,0.0,4.0,0.0,0.0,0.0,-38.77,-45.15,-57.857,-3.571,14.286,-39.286,-50.429,-30.0,24018.0,673907.0,14746.0,409066.0,611.0,19282.0
2020-07-05,2.0,2.0,1.0,2.0,2.0,74.07,0.0,4.0,0.0,0.0,0.0,-37.81,-40.49,-58.286,-4.4289999999999985,14.571,-40.143,-50.429,-30.571,23942.0,697849.0,15829.0,424895.0,421.0,19703.0
2020-07-06,2.0,2.0,1.0,2.0,2.0,74.07,0.0,4.0,0.0,0.0,0.0,-38.06,-38.8,-58.143,-4.4289999999999985,14.571,-40.286,-50.429,-30.571,22500.0,720349.0,15315.0,440210.0,473.0,20176.0
2020-07-07,2.0,2.0,1.0,2.0,2.0,74.07,0.0,4.0,0.0,0.0,0.0,-39.02,-38.14,-58.286,-4.714,14.714,-40.429,-50.429,-30.571,23147.0,743496.0,16836.0,457046.0,479.0,20655.0
2020-07-08,2.0,2.0,1.0,2.0,2.0,74.07,0.0,4.0,0.0,0.0,0.0,-38.91,-38.3,-58.286,-5.143,14.857,-40.571,-50.57100000000001,-30.429,25561.0,769057.0,19508.0,476554.0,492.0,21147.0
2020-07-09,2.0,2.0,1.0,2.0,2.0,74.07,0.0,4.0,0.0,0.0,0.0,-39.15,-38.48,-58.429,-5.4289999999999985,14.857,-40.714,-50.714,-30.286,25790.0,794847.0,19408.0,495962.0,479.0,21626.0
2020-07-10,2.0,2.0,1.0,2.0,2.0,77.78,0.0,4.0,0.0,0.0,0.0,-37.7,-39.99,-58.429,-5.5710000000000015,14.857,-40.714,-50.857,-30.286,27762.0,822609.0,20289.0,516251.0,520.0,22146.0
2020-07-11,2.0,2.0,1.0,2.0,2.0,77.78,0.0,4.0,0.0,0.0,0.0,-41.62,-43.9,-58.714,-6.5710000000000015,15.143,-41.143,-51.0,-31.143,27757.0,850366.0,19981.0,536232.0,543.0,22689.0
2020-07-12,2.0,2.0,1.0,2.0,2.0,77.78,0.0,4.0,0.0,0.0,0.0,-41.28,-43.45,-59.143,-7.5710000000000015,15.286,-41.57100000000001,-51.143,-31.429,29106.0,879472.0,18198.0,554430.0,500.0,23189.0
2020-07-13,2.0,2.0,1.0,2.0,2.0,77.78,0.0,4.0,0.0,0.0,0.0,-37.38,-39.22,-59.0,-7.4289999999999985,15.286,-41.57100000000001,-51.143,-31.429,28178.0,907650.0,17683.0,572113.0,541.0,23730.0
2020-07-14,2.0,2.0,1.0,2.0,2.0,77.78,0.0,4.0,0.0,0.0,0.0,-39.75,-41.32,-59.286,-7.857,15.429,-41.857,-51.286,-31.571,29917.0,937567.0,20977.0,593090.0,587.0,24317.0
2020-07-15,2.0,2.0,1.0,2.0,2.0,77.78,0.0,4.0,0.0,0.0,0.0,-41.1,-42.09,-59.714,-8.714,15.714,-42.143,-51.429,-31.857,32607.0,970174.0,20646.0,613736.0,614.0,24931.0
2020-07-16,2.0,2.0,1.0,2.0,2.0,77.78,0.0,4.0,0.0,0.0,0.0,-40.85,-42.08,-60.0,-9.571,16.0,-42.429,-51.57100000000001,-32.143,35468.0,1005642.0,22867.0,636603.0,680.0,25611.0
2020-07-17,2.0,2.0,1.0,2.0,2.0,77.78,0.0,4.0,0.0,0.0,0.0,-40.63,-42.84,-60.286,-10.429,16.143,-42.714,-51.57100000000001,-32.286,34820.0,1040462.0,17476.0,654079.0,676.0,26287.0
2020-07-18,2.0,2.0,1.0,2.0,2.0,77.78,0.0,4.0,0.0,0.0,0.0,-44.19,-47.15,-60.714,-11.286,16.285999999999998,-42.857,-51.57100000000001,-32.0,37411.0,1077873.0,23583.0,677662.0,543.0,26830.0
2020-07-19,2.0,2.0,1.0,2.0,2.0,77.78,0.0,4.0,0.0,0.0,0.0,-42.09,-43.76,-60.714,-11.571,16.285999999999998,-42.857,-51.57100000000001,-32.143,40235.0,1118108.0,22730.0,700392.0,675.0,27505.0
2020-07-20,2.0,2.0,1.0,2.0,2.0,77.78,0.0,4.0,0.0,0.0,0.0,-38.97,-39.88,-61.143,-12.857,16.570999999999998,-43.286,-51.714,-32.571,36806.0,1154914.0,24303.0,724695.0,596.0,28101.0
2020-07-21,2.0,2.0,1.0,2.0,2.0,77.78,0.0,4.0,0.0,0.0,0.0,-38.43,-41.24,-61.286,-13.714,16.714000000000002,-43.429,-51.857,-32.714,39170.0,1194084.0,27589.0,752284.0,671.0,28772.0
2020-07-22,2.0,2.0,1.0,2.0,2.0,77.78,0.0,4.0,0.0,0.0,0.0,-37.68,-39.44,-61.0,-13.286,16.570999999999998,-43.143,-51.857,-32.571,45601.0,1239685.0,31875.0,784159.0,1130.0,29902.0
2020-07-23,2.0,2.0,1.0,2.0,2.0,77.78,0.0,4.0,0.0,0.0,0.0,-38.28,-40.04,-61.0,-13.714,16.570999999999998,-43.286,-52.0,-32.714,48443.0,1288128.0,33326.0,817485.0,755.0,30657.0
2020-07-24,2.0,2.0,1.0,2.0,2.0,77.78,0.0,4.0,0.0,0.0,0.0,-35.94,-38.82,-60.714,-13.286,16.429000000000002,-43.0,-51.714,-32.429,48888.0,1337016.0,32514.0,849999.0,763.0,31420.0
2020-07-25,2.0,2.0,1.0,2.0,2.0,77.78,0.0,4.0,0.0,0.0,0.0,-38.71,-42.06,-60.714,-13.714,16.570999999999998,-43.143,-51.714,-32.857,50072.0,1387088.0,37125.0,887124.0,703.0,32123.0
2020-07-26,2.0,2.0,1.0,2.0,2.0,77.78,0.0,4.0,0.0,0.0,0.0,-37.43,-40.84,-60.57100000000001,-13.571,16.570999999999998,-42.857,-51.57100000000001,-32.714,48932.0,1436020.0,31512.0,918636.0,704.0,32827.0
2020-07-27,2.0,2.0,1.0,2.0,2.0,77.78,0.0,4.0,0.0,0.0,0.0,-34.78,-35.480000000000004,-60.286,-13.143,16.429000000000002,-42.286,-51.286,-32.286,46484.0,1482504.0,34354.0,952990.0,642.0,33469.0
2020-07-28,2.0,2.0,1.0,2.0,2.0,77.78,0.0,4.0,0.0,0.0,0.0,-35.239999999999995,-37.09,-60.0,-12.857,16.285999999999998,-41.857,-51.143,-32.0,49631.0,1532135.0,35683.0,988673.0,774.0,34243.0
2020-07-29,2.0,2.0,1.0,2.0,2.0,77.78,0.0,4.0,0.0,0.0,0.0,-34.55,-36.58,-60.0,-13.429,16.285999999999998,-42.0,-51.143,-32.286,52479.0,1584614.0,32886.0,1021559.0,775.0,35018.0
2020-07-30,2.0,2.0,1.0,2.0,2.0,77.78,0.0,4.0,0.0,0.0,0.0,-34.19,-37.95,-59.286,-11.714,16.0,-41.143,-50.57100000000001,-31.857,54968.0,1639582.0,37425.0,1058984.0,784.0,35802.0
2020-07-31,2.0,2.0,1.0,2.0,2.0,77.78,0.0,4.0,0.0,0.0,0.0,-30.489999999999995,-36.24,-58.857,-11.143,16.0,-40.857,-50.429,-32.143,57486.0,1697068.0,36554.0,1095538.0,764.0,36566.0
2020-08-01,2.0,2.0,1.0,2.0,2.0,79.63,0.0,4.0,0.0,0.0,0.0,-32.3,-39.89,-58.143,-10.0,15.714,-40.286,-50.0,-32.571,55117.0,1752185.0,51368.0,1146906.0,854.0,37420.0
2020-08-02,2.0,2.0,1.0,2.0,2.0,79.63,0.0,4.0,0.0,0.0,0.0,-32.480000000000004,-40.57,-56.857,-7.857,15.286,-39.286,-49.57100000000001,-32.143,52672.0,1804857.0,40355.0,1187261.0,760.0,38180.0
2020-08-03,2.0,2.0,1.0,2.0,2.0,79.63,0.0,4.0,0.0,0.0,0.0,-28.040000000000006,-36.99,-56.714,-7.857,15.143,-39.286,-49.143,-34.143,50488.0,1855345.0,43070.0,1230331.0,806.0,38986.0
2020-08-04,2.0,2.0,1.0,2.0,2.0,79.63,0.0,4.0,0.0,0.0,0.0,-29.230000000000004,-34.14,-56.429,-7.713999999999999,14.857,-39.286,-49.0,-34.286,51282.0,1906627.0,51220.0,1281551.0,849.0,39835.0
2020-08-05,2.0,2.0,1.0,2.0,2.0,79.63,0.0,4.0,0.0,0.0,0.0,-28.810000000000002,-33.2,-56.0,-8.857000000000003,14.714,-39.714,-49.714,-34.143,56626.0,1963253.0,45583.0,1327134.0,919.0,40754.0
2020-08-06,2.0,2.0,1.0,2.0,2.0,79.63,0.0,4.0,0.0,0.0,0.0,-28.790000000000006,-33.489999999999995,-55.57100000000001,-10.286,14.571,-40.0,-50.57100000000001,-34.0,62170.0,2025423.0,50141.0,1377275.0,899.0,41653.0
2020-08-07,2.0,2.0,1.0,2.0,2.0,79.63,0.0,4.0,0.0,0.0,0.0,-24.060000000000002,-30.730000000000004,-55.0,-11.0,14.0,-40.0,-51.143,-33.286,61455.0,2086878.0,50387.0,1427662.0,936.0,42589.0
2020-08-08,2.0,2.0,1.0,2.0,2.0,79.63,0.0,4.0,0.0,0.0,0.0,-23.120000000000005,-33.040000000000006,-54.57100000000001,-11.857,13.714,-40.286,-52.0,-32.286,65156.0,2152034.0,52135.0,1479797.0,875.0,43464.0
2020-08-09,2.0,2.0,1.0,2.0,2.0,79.63,0.0,4.0,0.0,0.0,0.0,-24.430000000000007,-32.91,-54.714,-13.714,13.571,-40.714,-52.714,-31.714,62117.0,2214151.0,54474.0,1534271.0,1013.0,44477.0
2020-08-10,2.0,2.0,1.0,2.0,2.0,79.63,0.0,4.0,0.0,0.0,0.0,-24.36,-28.17,-53.429,-13.143,13.143,-40.286,-53.57100000000001,-29.286,53016.0,2267167.0,47362.0,1581633.0,887.0,45364.0
2020-08-11,2.0,2.0,1.0,2.0,2.0,79.63,0.0,4.0,0.0,0.0,0.0,-27.489999999999995,-32.010000000000005,-52.429,-12.857,13.0,-40.0,-54.0,-29.0,61252.0,2328419.0,56461.0,1638094.0,835.0,46199.0
2020-08-12,2.0,2.0,1.0,2.0,2.0,79.63,0.0,4.0,0.0,0.0,0.0,-26.689999999999998,-32.58,-51.714,-11.714,13.0,-39.429,-53.57100000000001,-29.286,67066.0,2395485.0,57759.0,1695853.0,950.0,47149.0
2020-08-13,2.0,2.0,1.0,2.0,2.0,79.63,0.0,4.0,0.0,0.0,0.0,-23.790000000000006,-29.909999999999997,-51.57100000000001,-11.857,13.0,-39.429,-53.429,-29.286,64141.0,2459626.0,54776.0,1750629.0,1006.0,48155.0
2020-08-14,2.0,2.0,1.0,2.0,2.0,79.63,0.0,4.0,0.0,0.0,0.0,-21.909999999999997,-33.370000000000005,-51.143,-11.714,13.143,-39.143,-53.429,-29.286,65610.0,2525236.0,56920.0,1807549.0,989.0,49144.0
2020-08-15,2.0,2.0,1.0,2.0,2.0,79.63,0.0,4.0,0.0,0.0,0.0,-24.39,-35.620000000000005,-51.143,-11.857,13.429,-39.143,-53.143,-31.143,63986.0,2589222.0,53116.0,1860665.0,952.0,50096.0
2020-08-16,2.0,2.0,1.0,2.0,2.0,79.63,0.0,4.0,0.0,0.0,0.0,-18.549999999999997,-26.939999999999998,-51.0,-11.714,13.429,-39.143,-53.143,-31.143,58096.0,2647318.0,57404.0,1918069.0,952.0,51048.0
2020-08-17,2.0,2.0,1.0,2.0,2.0,79.63,0.0,4.0,0.0,0.0,0.0,-18.569999999999993,-26.269999999999996,-51.0,-12.0,13.429,-39.0,-53.0,-30.857,54298.0,2701616.0,58172.0,1976241.0,880.0,51928.0
2020-08-18,2.0,2.0,1.0,2.0,2.0,79.63,0.0,4.0,0.0,0.0,0.0,-22.14,-26.75,-50.857,-11.857,13.286,-38.714,-52.714,-30.143,65024.0,2766640.0,60455.0,2036696.0,1099.0,53027.0
2020-08-19,2.0,2.0,1.0,2.0,2.0,79.63,0.0,4.0,0.0,0.0,0.0,-22.58,-29.480000000000004,-50.57100000000001,-11.143,13.0,-38.0,-52.429,-29.0,69196.0,2835836.0,59365.0,2096061.0,979.0,54006.0
2020-08-20,2.0,2.0,1.0,2.0,2.0,79.63,0.0,4.0,0.0,0.0,0.0,-21.33,-29.189999999999998,-50.429,-10.857,12.857,-37.714,-52.429,-28.857,68518.0,2904354.0,61873.0,2157934.0,981.0,54987.0
2020-08-21,2.0,2.0,1.0,2.0,2.0,79.63,0.0,4.0,0.0,0.0,0.0,-22.439999999999998,-32.019999999999996,-50.429,-10.571,13.0,-37.571,-52.429,-29.0,69029.0,2973383.0,62858.0,2220792.0,953.0,55940.0
2020-08-22,2.0,2.0,1.0,2.0,2.0,79.63,0.0,4.0,0.0,0.0,0.0,-24.489999999999995,-34.0,-50.429,-10.429,12.857,-37.143,-52.429,-27.857,70067.0,3043450.0,59101.0,2279893.0,918.0,56858.0
2020-08-23,2.0,2.0,1.0,2.0,2.0,79.63,0.0,4.0,0.0,0.0,0.0,-15.150000000000006,-23.92,-50.429,-10.571,12.857,-36.857,-52.143,-27.714,61749.0,3105199.0,56896.0,2336789.0,846.0,57704.0
2020-08-24,2.0,2.0,1.0,2.0,2.0,79.63,0.0,4.0,0.0,0.0,0.0,-16.590000000000003,-23.189999999999998,-50.286,-10.286,12.857,-36.571,-51.857,-27.714,59696.0,3164895.0,66305.0,2403094.0,854.0,58558.0
2020-08-25,2.0,2.0,1.0,2.0,2.0,79.63,0.0,4.0,0.0,0.0,0.0,-18.989999999999995,-22.019999999999996,-50.0,-10.143,12.857,-36.286,-51.714,-27.714,66873.0,3231768.0,64151.0,2467245.0,1066.0,59624.0
2020-08-26,2.0,2.0,1.0,2.0,2.0,79.63,0.0,4.0,0.0,0.0,0.0,-18.5,-23.010000000000005,-49.857,-10.0,12.714,-36.0,-51.57100000000001,-27.429,75995.0,3307763.0,56191.0,2523436.0,1017.0,60641.0
2020-08-27,2.0,2.0,1.0,2.0,2.0,79.63,0.0,4.0,0.0,0.0,0.0,-16.370000000000005,-24.64,-49.714,-10.0,12.714,-35.857,-51.143,-27.143,76827.0,3384590.0,59620.0,2583056.0,1066.0,61707.0
2020-08-28,2.0,2.0,1.0,2.0,2.0,79.63,0.0,4.0,0.0,0.0,0.0,-12.89,-24.049999999999997,-49.57100000000001,-10.143,12.571,-35.714,-50.714,-26.714,76657.0,3461247.0,64475.0,2647531.0,1019.0,62726.0
2020-08-29,2.0,2.0,1.0,2.0,2.0,81.02,0.0,4.0,0.0,0.0,0.0,-10.709999999999994,-26.08,-49.0,-9.286,12.143,-35.143,-50.286,-25.0,78479.0,3539726.0,64982.0,2712513.0,943.0,63669.0
2020-08-30,2.0,2.0,1.0,2.0,2.0,81.02,0.0,4.0,0.0,0.0,0.0,-8.480000000000004,-23.510000000000005,-48.57100000000001,-8.571,12.143,-34.714,-49.857,-24.714,79461.0,3619187.0,60422.0,2772935.0,960.0,64629.0
2020-08-31,2.0,2.0,1.0,2.0,2.0,81.02,0.0,4.0,0.0,0.0,0.0,-12.89,-21.33,-48.57100000000001,-9.286,12.286,-35.0,-49.714,-25.143,68766.0,3687953.0,64435.0,2837370.0,816.0,65445.0
2020-09-01,2.0,2.0,1.0,2.0,2.0,81.02,0.0,4.0,0.0,0.0,0.0,-14.11,-22.269999999999996,-48.429,-9.143,12.286,-34.857,-49.286,-25.571,78168.0,3766121.0,62145.0,2899515.0,892.0,66337.0
2020-09-02,2.0,2.0,1.0,2.0,2.0,81.02,0.0,4.0,0.0,0.0,0.0,-14.189999999999998,-22.900000000000006,-48.143,-9.0,12.286,-34.714,-49.0,-25.714,82860.0,3848981.0,67874.0,2967389.0,913.0,67250.0
2020-09-03,2.0,2.0,1.0,2.0,2.0,81.02,0.0,4.0,0.0,0.0,0.0,-12.980000000000004,-21.040000000000006,-47.57100000000001,-8.142999999999999,12.286,-34.286,-48.714,-25.571,84156.0,3933137.0,67491.0,3034880.0,979.0,68229.0
2020-09-04,2.0,2.0,1.0,2.0,2.0,81.02,0.0,4.0,0.0,0.0,0.0,-7.829999999999998,-19.480000000000004,-47.143,-7.713999999999999,12.286,-34.0,-48.57100000000001,-25.571,87115.0,4020252.0,69625.0,3104505.0,950.0,69179.0
2020-09-05,2.0,2.0,1.0,2.0,2.0,81.02,0.0,4.0,0.0,0.0,0.0,-0.06999999999999318,-16.689999999999998,-46.286,-6.5710000000000015,12.143,-33.286,-48.143,-25.0,90600.0,4110852.0,73161.0,3177666.0,916.0,70095.0
2020-09-06,2.0,2.0,1.0,2.0,2.0,81.02,0.0,4.0,0.0,0.0,0.0,-3.4399999999999977,-19.319999999999993,-45.286,-5.143,12.0,-32.286,-47.714,-24.857,91725.0,4202577.0,69630.0,3247296.0,1005.0,71100.0
2020-09-07,2.0,2.0,1.0,2.0,2.0,81.02,0.0,4.0,0.0,0.0,0.0,-9.86,-17.769999999999996,-45.0,-4.857,12.0,-32.143,-47.714,-24.714,75015.0,4277592.0,74116.0,3321412.0,1129.0,72229.0
2020-09-08,2.0,2.0,1.0,2.0,2.0,81.02,0.0,4.0,0.0,0.0,0.0,-10.86,-18.049999999999997,-44.714,-4.2860000000000005,11.857,-31.714,-47.57100000000001,-24.286,89855.0,4367447.0,74608.0,3396020.0,1107.0,73336.0
2020-09-09,2.0,2.0,1.0,2.0,2.0,81.02,0.0,4.0,0.0,0.0,0.0,-11.329999999999998,-19.349999999999994,-44.57100000000001,-4.143,11.857,-31.429,-47.286,-24.143,95536.0,4462983.0,73062.0,3469082.0,1168.0,74504.0
2020-09-10,2.0,2.0,1.0,2.0,2.0,81.02,0.0,4.0,0.0,0.0,0.0,-11.930000000000007,-20.72,-44.429,-4.0,11.714,-31.0,-47.0,-24.143,96762.0,4559745.0,70904.0,3539986.0,1213.0,75717.0
2020-09-11,2.0,2.0,1.0,2.0,2.0,81.02,0.0,4.0,0.0,0.0,0.0,-5.239999999999995,-17.510000000000005,-44.429,-5.143,11.857,-31.429,-47.0,-24.571,97655.0,4657400.0,81456.0,3621442.0,1202.0,76919.0
2020-09-12,2.0,2.0,1.0,2.0,2.0,81.02,0.0,4.0,0.0,0.0,0.0,11.909999999999997,-9.010000000000005,-43.857,-5.2860000000000005,12.0,-31.429,-46.857,-25.286,94414.0,4751814.0,77862.0,3699304.0,1111.0,78030.0
2020-09-13,2.0,2.0,1.0,2.0,2.0,81.02,0.0,4.0,0.0,0.0,0.0,1.519999999999996,-16.72,-43.143,-5.143,12.0,-31.143,-46.57100000000001,-25.0,93220.0,4845034.0,77748.0,3777052.0,1140.0,79170.0
2020-09-14,2.0,2.0,1.0,2.0,2.0,81.02,0.0,4.0,0.0,0.0,0.0,-8.209999999999994,-16.689999999999998,-42.429,-4.857,12.0,-30.714,-46.143,-24.429,81913.0,4926947.0,79213.0,3856265.0,1054.0,80224.0
2020-09-15,2.0,2.0,1.0,2.0,2.0,81.02,0.0,4.0,0.0,0.0,0.0,-10.180000000000007,-15.569999999999993,-42.0,-5.4289999999999985,12.286,-30.857,-46.143,-24.286,91098.0,5018045.0,82849.0,3939114.0,1281.0,81505.0
2020-09-16,2.0,2.0,1.0,2.0,2.0,81.02,0.0,4.0,0.0,0.0,0.0,-9.129999999999995,-8.069999999999993,-41.286,-5.2860000000000005,12.429,-30.714,-46.0,-24.143,97860.0,5115905.0,82924.0,4022038.0,1140.0,82645.0
2020-09-17,2.0,2.0,1.0,2.0,2.0,81.02,0.0,4.0,0.0,0.0,0.0,-3.3700000000000045,14.040000000000006,-40.714,-6.2860000000000005,12.857,-31.286,-46.0,-24.429,96787.0,5212692.0,87788.0,4109826.0,1175.0,83820.0
2020-09-18,2.0,2.0,1.0,2.0,2.0,81.02,0.0,4.0,0.0,0.0,0.0,3.969999999999999,10.400000000000006,-40.0,-5.5710000000000015,13.0,-30.857,-45.714,-23.857,92973.0,5305665.0,95515.0,4205341.0,1221.0,85041.0
2020-09-19,2.0,2.0,1.0,2.0,2.0,81.02,0.0,4.0,0.0,0.0,0.0,9.719999999999999,4.590000000000003,-39.714,-5.714,13.143,-30.714,-45.57100000000001,-23.0,92574.0,5398239.0,94389.0,4299730.0,1149.0,86190.0
2020-09-20,2.0,2.0,1.0,2.0,2.0,81.02,0.0,4.0,0.0,0.0,0.0,3.969999999999999,0.10999999999999943,-39.429,-5.714,13.286,-30.714,-45.429,-22.571,87395.0,5485634.0,92926.0,4392656.0,1135.0,87325.0
2020-09-21,2.0,2.0,1.0,2.0,2.0,75.46,0.0,4.0,0.0,0.0,0.0,-4.6299999999999955,-1.0900000000000034,-39.143,-6.0,13.429,-30.714,-45.286,-22.714,74493.0,5560127.0,102070.0,4494726.0,1056.0,88381.0
2020-09-22,2.0,2.0,1.0,2.0,2.0,75.46,0.0,4.0,0.0,0.0,0.0,-7.3799999999999955,-3.769999999999996,-39.143,-6.143,13.714,-30.571,-45.0,-22.714,83362.0,5643489.0,89657.0,4584383.0,1085.0,89466.0
2020-09-23,2.0,2.0,1.0,2.0,2.0,75.46,0.0,4.0,0.0,0.0,0.0,-7.319999999999993,-6.640000000000001,-39.571,-6.714,14.143,-30.571,-44.857,-23.0,86703.0,5730192.0,87459.0,4671842.0,1123.0,90589.0
2020-09-24,2.0,2.0,1.0,2.0,2.0,75.46,0.0,4.0,0.0,0.0,0.0,-10.530000000000001,-6.650000000000006,-39.857,-6.0,14.429,-29.714,-44.429,-22.571,85921.0,5816113.0,81142.0,4752984.0,1144.0,91733.0
2020-09-25,2.0,2.0,1.0,2.0,2.0,75.46,0.0,4.0,0.0,0.0,0.0,-3.469999999999999,-5.349999999999994,-40.571,-6.2860000000000005,14.857,-29.429,-44.286,-22.714,85717.0,5901830.0,93331.0,4846315.0,1093.0,92826.0
2020-09-26,2.0,2.0,1.0,2.0,2.0,75.46,0.0,4.0,0.0,0.0,0.0,7.079999999999998,1.3700000000000045,-41.0,-6.0,15.286,-29.0,-43.857,-23.0,88759.0,5990589.0,92365.0,4938680.0,1124.0,93950.0
2020-09-27,2.0,2.0,1.0,2.0,2.0,75.46,0.0,4.0,0.0,0.0,0.0,2.510000000000005,-3.519999999999996,-41.143,-5.5710000000000015,15.571,-28.143,-43.0,-23.143,82770.0,6073359.0,74691.0,5013371.0,1040.0,94990.0
2020-09-28,2.0,2.0,1.0,2.0,2.0,75.46,0.0,4.0,0.0,0.0,0.0,-6.920000000000002,-4.519999999999996,-41.714,-5.143,16.0,-27.714,-42.714,-23.0,69669.0,6143028.0,85198.0,5098569.0,775.0,95765.0
2020-09-29,2.0,2.0,1.0,2.0,2.0,75.46,0.0,4.0,0.0,0.0,0.0,-7.599999999999994,-4.980000000000004,-41.857,-4.857,16.143,-27.286,-42.57100000000001,-23.0,80500.0,6223528.0,86150.0,5184719.0,1178.0,96943.0
2020-09-30,2.0,2.0,1.0,2.0,2.0,73.61,0.0,4.0,0.0,0.0,0.0,-3.9200000000000017,-4.540000000000006,-41.57100000000001,-4.0,15.857,-26.714,-42.714,-23.0,86748.0,6310276.0,85274.0,5269993.0,1179.0,98122.0
2020-10-01,2.0,2.0,1.0,2.0,2.0,73.61,0.0,4.0,0.0,0.0,0.0,4.959999999999994,-4.010000000000005,-41.286,-3.0,15.143,-26.143,-43.286,-23.286,81784.0,6392060.0,78731.0,5348724.0,1099.0,99221.0
2020-10-02,2.0,2.0,1.0,2.0,2.0,73.61,0.0,4.0,0.0,0.0,0.0,6.989999999999995,3.480000000000004,-40.571,-1.286,14.857,-26.0,-43.286,-26.143,79883.0,6471943.0,76339.0,5425063.0,1068.0,100289.0
2020-10-03,2.0,2.0,1.0,2.0,2.0,73.61,0.0,4.0,0.0,0.0,0.0,16.290000000000006,7.6200000000000045,-40.143,-0.429,14.0,-25.571,-43.714,-26.429,75479.0,6547422.0,81655.0,5506718.0,937.0,101226.0
2020-10-04,2.0,2.0,1.0,2.0,2.0,73.61,0.0,4.0,0.0,0.0,0.0,9.879999999999995,-0.5600000000000023,-39.857,0.429,13.286,-25.286,-44.143,-27.286,74770.0,6622192.0,76713.0,5583431.0,903.0,102129.0
2020-10-05,2.0,2.0,1.0,2.0,2.0,73.61,0.0,4.0,0.0,0.0,0.0,-3.8499999999999943,-3.0400000000000063,-39.286,1.286,12.429,-24.714,-44.57100000000001,-27.714,60130.0,6682322.0,75855.0,5659286.0,886.0,103015.0
2020-10-06,2.0,2.0,1.0,2.0,2.0,73.61,0.0,4.0,0.0,0.0,0.0,-6.489999999999995,-2.4000000000000057,-38.714,2.143,11.714,-24.286,-45.0,-28.0,71869.0,6754191.0,81945.0,5741231.0,990.0,104005.0
2020-10-07,2.0,2.0,1.0,2.0,2.0,73.61,0.0,4.0,0.0,0.0,0.0,-5.599999999999994,-4.209999999999994,-38.286,2.857,11.286,-24.0,-45.0,-27.857,78809.0,6833000.0,83209.0,5824440.0,963.0,104968.0
2020-10-08,2.0,2.0,1.0,2.0,2.0,73.61,0.0,4.0,0.0,0.0,0.0,-2.930000000000007,-3.0600000000000023,-37.857,3.286,11.286,-24.0,-44.714,-27.429,70797.0,6903797.0,78745.0,5903185.0,967.0,105935.0
2020-10-09,2.0,2.0,1.0,2.0,2.0,73.61,0.0,4.0,0.0,0.0,0.0,9.510000000000005,0.29999999999999716,-37.429,3.286,10.857,-23.429,-44.57100000000001,-24.143,73305.0,6977102.0,82628.0,5985813.0,929.0,106864.0
2020-10-10,2.0,2.0,1.0,2.0,2.0,73.61,0.0,4.0,0.0,0.0,0.0,17.58,7.599999999999994,-37.143,3.429,11.286,-23.571,-44.286,-24.0,74418.0,7051520.0,89024.0,6074837.0,921.0,107785.0
2020-10-11,2.0,2.0,1.0,2.0,2.0,73.61,0.0,4.0,0.0,0.0,0.0,11.829999999999998,1.7600000000000051,-36.714,3.714,11.571,-23.571,-44.0,-23.143,67789.0,7119309.0,71565.0,6146402.0,813.0,108598.0
2020-10-12,2.0,2.0,1.0,2.0,2.0,73.61,0.0,4.0,0.0,0.0,0.0,-0.20999999999999375,0.39000000000000057,-36.429,3.857,11.857,-23.571,-43.714,-22.571,54262.0,7173571.0,78365.0,6224767.0,710.0,109308.0
2020-10-13,2.0,2.0,1.0,2.0,2.0,73.61,0.0,4.0,0.0,0.0,0.0,-3.049999999999997,-1.8499999999999943,-36.286,3.857,12.286,-23.714,-43.429,-22.143,63717.0,7237288.0,74079.0,6298846.0,727.0,110035.0
2020-10-14,2.0,2.0,1.0,2.0,2.0,73.61,0.0,4.0,0.0,0.0,0.0,-2.469999999999999,-0.3499999999999943,-35.857,4.143,12.571,-23.714,-43.143,-21.857,67811.0,7305099.0,81582.0,6380428.0,690.0,110725.0
2020-10-15,2.0,2.0,1.0,2.0,2.0,64.35,0.0,4.0,0.0,0.0,0.0,-4.400000000000006,-4.400000000000006,-35.286,4.714,12.857,-23.286,-42.857,-21.714,63441.0,7368540.0,70792.0,6451220.0,882.0,111607.0
2020-10-16,2.0,2.0,1.0,2.0,2.0,64.35,0.0,4.0,0.0,0.0,0.0,1.519999999999996,-3.9099999999999966,-34.714,6.2860000000000005,13.0,-22.571,-42.57100000000001,-21.571,62304.0,7430844.0,70568.0,6521788.0,840.0,112447.0
2020-10-17,2.0,2.0,1.0,2.0,2.0,64.35,0.0,4.0,0.0,0.0,0.0,13.700000000000003,4.230000000000004,-34.429,7.143,13.0,-21.857,-42.429,-20.857,61893.0,7492737.0,72583.0,6594371.0,1032.0,113479.0
2020-10-18,2.0,2.0,1.0,2.0,2.0,64.35,0.0,4.0,0.0,0.0,0.0,11.269999999999996,6.920000000000002,-33.857,7.713999999999999,13.0,-21.143,-42.143,-20.429,56519.0,7549256.0,66418.0,6660789.0,582.0,114061.0
2020-10-19,2.0,2.0,1.0,2.0,2.0,64.35,0.0,4.0,0.0,0.0,0.0,-0.030000000000001137,4.019999999999996,-33.429,8.429,13.143,-20.571,-41.714,-20.286,45506.0,7594762.0,69800.0,6730589.0,589.0,114650.0
2020-10-20,2.0,2.0,1.0,2.0,2.0,64.35,0.0,4.0,0.0,0.0,0.0,-0.01999999999999602,2.8599999999999994,-33.0,9.0,13.0,-20.0,-41.429,-20.143,54348.0,7649110.0,61828.0,6792417.0,714.0,115364.0
2020-10-21,2.0,2.0,1.0,2.0,2.0,64.35,0.0,4.0,0.0,0.0,0.0,2.1500000000000057,2.0900000000000034,-32.429,9.429,12.857,-19.429,-41.143,-20.0,56264.0,7705374.0,79561.0,6871978.0,701.0,116065.0
2020-10-22,2.0,2.0,1.0,2.0,2.0,64.35,0.0,4.0,0.0,0.0,0.0,3.519999999999996,3.760000000000005,-32.0,9.714,12.429,-19.0,-40.714,-20.0,54371.0,7759745.0,74569.0,6946547.0,686.0,116751.0
2020-10-23,2.0,2.0,1.0,2.0,2.0,64.35,0.0,4.0,0.0,0.0,0.0,9.060000000000002,3.239999999999995,-31.571,9.714,12.0,-18.571,-40.286,-20.571,53931.0,7813676.0,66994.0,7013541.0,655.0,117406.0
2020-10-24,2.0,2.0,1.0,2.0,2.0,64.35,0.0,4.0,0.0,0.0,0.0,10.64,4.260000000000005,-30.857,10.286,11.571,-18.0,-39.429,-21.857,50366.0,7864042.0,62270.0,7075811.0,578.0,117984.0
2020-10-25,2.0,2.0,1.0,2.0,2.0,64.35,0.0,4.0,0.0,0.0,0.0,12.260000000000005,5.950000000000003,-30.571,10.429,11.143,-17.570999999999998,-38.857,-22.714,45922.0,7909964.0,59304.0,7135115.0,483.0,118467.0
2020-10-26,2.0,2.0,1.0,2.0,2.0,64.35,0.0,4.0,0.0,0.0,0.0,8.519999999999996,9.099999999999994,-30.286,10.143,10.714,-17.714000000000006,-38.143,-24.571,36019.0,7945983.0,63734.0,7198849.0,485.0,118952.0
2020-10-27,2.0,2.0,1.0,2.0,2.0,61.57,0.0,4.0,0.0,0.0,0.0,7.700000000000003,9.14,-29.857,10.286,10.286,-17.429000000000002,-37.714,-25.0,43036.0,7989019.0,58429.0,7257278.0,511.0,119463.0
2020-10-28,2.0,2.0,1.0,2.0,2.0,61.57,0.0,4.0,0.0,0.0,0.0,11.689999999999998,11.590000000000003,-29.857,10.0,10.0,-17.285999999999998,-37.571,-25.286,50188.0,8039207.0,56594.0,7313872.0,515.0,119978.0
2020-10-29,2.0,2.0,1.0,2.0,2.0,61.57,0.0,4.0,0.0,0.0,0.0,13.950000000000003,7.640000000000001,-29.857,9.429,9.857,-17.429000000000002,-37.571,-25.571,48765.0,8087972.0,57867.0,7371739.0,562.0,120540.0
2020-10-30,2.0,2.0,1.0,2.0,2.0,61.57,0.0,4.0,0.0,0.0,0.0,21.560000000000002,13.969999999999999,-30.143,8.429,10.143,-18.143,-37.857,-26.286,48117.0,8136089.0,59005.0,7430744.0,550.0,121090.0
2020-10-31,2.0,2.0,1.0,2.0,2.0,61.57,0.0,4.0,0.0,0.0,0.0,30.78,21.950000000000003,-30.571,7.143,10.143,-18.857,-38.286,-25.286,47228.0,8183317.0,58682.0,7489426.0,469.0,121559.0
2020-11-01,2.0,2.0,1.0,2.0,2.0,61.57,0.0,4.0,0.0,0.0,0.0,24.14,19.200000000000003,-30.429,7.143,10.286,-19.0,-38.571,-24.571,45928.0,8229245.0,53312.0,7542738.0,491.0,122050.0
2020-11-02,2.0,2.0,1.0,2.0,2.0,61.57,0.0,4.0,0.0,0.0,0.0,9.049999999999997,14.010000000000005,-30.286,7.4289999999999985,10.286,-18.714,-39.143,-22.714,37592.0,8266837.0,58524.0,7601262.0,498.0,122548.0
2020-11-03,2.0,2.0,1.0,2.0,2.0,61.57,0.0,4.0,0.0,0.0,0.0,5.329999999999998,11.909999999999997,-29.857,8.0,10.429,-18.714,-39.143,-22.429,46027.0,8312864.0,53328.0,7654590.0,510.0,123058.0
2020-11-04,2.0,2.0,1.0,2.0,2.0,61.57,0.0,4.0,0.0,0.0,0.0,3.6400000000000006,8.180000000000007,-29.714,8.142999999999999,10.714,-19.0,-39.143,-22.286,50465.0,8363329.0,55873.0,7710463.0,707.0,123765.0
2020-11-05,2.0,2.0,1.0,2.0,2.0,61.57,0.0,4.0,0.0,0.0,0.0,12.840000000000003,15.560000000000002,-29.714,8.286,10.857,-19.286,-39.0,-21.857,47628.0,8410957.0,54133.0,7764596.0,672.0,124437.0
2020-11-06,2.0,2.0,1.0,2.0,2.0,61.57,0.0,4.0,0.0,0.0,0.0,23.680000000000007,21.790000000000006,-29.571,8.429,10.571,-19.143,-38.714,-20.571,50017.0,8460974.0,53946.0,7818542.0,577.0,125014.0
2020-11-07,2.0,2.0,1.0,2.0,2.0,61.57,0.0,4.0,0.0,0.0,0.0,37.400000000000006,30.370000000000005,-28.857,9.429,10.571,-18.714,-38.286,-20.0,46153.0,8507127.0,48582.0,7867124.0,557.0,125571.0
2020-11-08,2.0,2.0,1.0,2.0,2.0,61.57,0.0,4.0,0.0,0.0,0.0,23.42,21.010000000000005,-28.286,10.143,10.571,-18.571,-37.857,-19.571,46707.0,8553834.0,48465.0,7915589.0,491.0,126062.0
2020-11-09,2.0,2.0,1.0,2.0,2.0,61.57,0.0,4.0,0.0,0.0,0.0,11.209999999999994,16.11,-28.0,10.571,10.571,-18.714,-37.571,-19.571,37119.0,8590953.0,41449.0,7957038.0,450.0,126512.0
2020-11-10,2.0,2.0,1.0,2.0,2.0,61.57,0.0,4.0,0.0,0.0,0.0,9.519999999999996,9.780000000000001,-27.714,10.857,10.571,-18.714,-37.286,-19.429,44724.0,8635677.0,54639.0,8011677.0,511.0,127023.0
2020-11-11,2.0,2.0,1.0,2.0,2.0,61.57,0.0,4.0,0.0,0.0,0.0,14.780000000000001,15.439999999999998,-26.857,12.286,10.286,-18.0,-36.714,-19.143,48285.0,8683962.0,52704.0,8064381.0,550.0,127573.0
2020-11-12,2.0,2.0,1.0,2.0,2.0,61.57,0.0,4.0,0.0,0.0,0.0,13.120000000000005,9.430000000000007,-25.286,15.143,10.0,-16.714000000000002,-36.0,-19.143,44585.0,8728547.0,49354.0,8113735.0,544.0,128117.0
2020-11-13,2.0,2.0,1.0,2.0,2.0,61.57,0.0,4.0,0.0,0.0,0.0,4.439999999999998,2.9200000000000017,-23.286,19.143,9.857,-15.0,-35.0,-20.0,44620.0,8773167.0,47620.0,8161355.0,517.0,128634.0
2020-11-14,2.0,2.0,1.0,2.0,2.0,61.57,0.0,4.0,0.0,0.0,0.0,-10.189999999999998,-15.659999999999997,-24.0,19.286,10.714,-15.714,-34.857,-24.429,41692.0,8814859.0,42317.0,8203672.0,450.0,129084.0
2020-11-15,2.0,2.0,1.0,2.0,2.0,61.57,0.0,4.0,0.0,0.0,0.0,24.89,11.549999999999997,-25.429,16.857,11.0,-16.857,-34.857,-27.571,30681.0,8845540.0,44111.0,8247783.0,434.0,129518.0
2020-11-16,2.0,2.0,1.0,2.0,2.0,61.57,0.0,4.0,0.0,0.0,0.0,41.389999999999986,23.260000000000005,-26.0,15.429,11.143,-17.143,-33.857,-31.0,28609.0,8874149.0,40392.0,8288175.0,451.0,129969.0
2020-11-17,2.0,2.0,1.0,2.0,2.0,61.57,0.0,4.0,0.0,0.0,0.0,38.97999999999999,29.069999999999993,-26.571,14.571,10.857,-17.0,-33.143,-32.286,38548.0,8912697.0,44753.0,8332928.0,472.0,130441.0
2020-11-18,2.0,2.0,1.0,2.0,2.0,61.57,0.0,4.0,0.0,0.0,0.0,39.68000000000001,29.330000000000013,-27.286,13.286,10.714,-17.143,-32.571,-33.286,45366.0,8958063.0,48675.0,8381603.0,586.0,131027.0
2020-11-19,2.0,2.0,1.0,2.0,2.0,61.57,0.0,4.0,0.0,0.0,0.0,37.25999999999999,28.319999999999993,-28.571,10.857,10.857,-17.714000000000006,-32.286,-33.857,46185.0,9004248.0,45246.0,8426849.0,582.0,131609.0
2020-11-20,2.0,2.0,1.0,2.0,2.0,61.57,0.0,4.0,0.0,0.0,0.0,41.0,29.879999999999995,-30.429,7.0,11.0,-19.0,-32.286,-33.857,46283.0,9050531.0,48968.0,8475817.0,564.0,132173.0
2020-11-21,2.0,2.0,1.0,2.0,2.0,68.98,0.0,4.0,0.0,0.0,0.0,55.58000000000001,37.31,-30.0,6.2860000000000005,10.0,-18.143,-31.714,-30.286,45301.0,9095832.0,44055.0,8519872.0,499.0,132672.0
2020-11-22,2.0,2.0,1.0,2.0,2.0,68.98,0.0,4.0,0.0,0.0,0.0,45.08000000000001,32.05000000000001,-29.0,8.0,9.571,-16.857,-31.143,-28.143,44404.0,9140236.0,41405.0,8561277.0,510.0,133182.0
2020-11-23,2.0,2.0,1.0,2.0,2.0,68.98,0.0,4.0,0.0,0.0,0.0,27.42,24.489999999999995,-28.571,9.143,9.286,-16.285999999999998,-31.571,-25.0,37441.0,9177677.0,42195.0,8603472.0,481.0,133663.0
2020-11-24,2.0,2.0,1.0,2.0,2.0,68.98,0.0,4.0,0.0,0.0,0.0,28.629999999999995,25.97,-28.429,9.429,9.429,-16.285999999999998,-31.857,-24.0,44245.0,9221922.0,37765.0,8641237.0,489.0,134152.0
2020-11-25,2.0,2.0,1.0,2.0,2.0,68.98,0.0,4.0,0.0,0.0,0.0,42.620000000000005,29.710000000000008,-28.571,9.143,9.571,-16.570999999999998,-32.143,-23.857,44699.0,9266621.0,36582.0,8677819.0,518.0,134670.0
2020-11-26,2.0,2.0,1.0,2.0,2.0,68.98,0.0,4.0,0.0,0.0,0.0,36.46000000000001,24.310000000000002,-29.429,7.5710000000000015,9.857,-17.570999999999998,-32.714,-24.286,43174.0,9309795.0,39723.0,8717542.0,491.0,135161.0
2020-11-27,2.0,2.0,1.0,2.0,2.0,68.98,0.0,4.0,0.0,0.0,0.0,41.870000000000005,26.819999999999993,-29.571,7.286,9.714,-17.714000000000006,-33.0,-23.857,41353.0,9351148.0,41177.0,8758719.0,486.0,135647.0
2020-11-28,2.0,2.0,1.0,2.0,2.0,68.98,0.0,4.0,0.0,0.0,0.0,51.99000000000001,35.97999999999999,-29.286,7.713999999999999,9.714,-17.714000000000006,-33.143,-23.571,41815.0,9392963.0,42275.0,8800994.0,495.0,136142.0
2020-11-29,2.0,2.0,1.0,2.0,2.0,68.98,0.0,4.0,0.0,0.0,0.0,47.06999999999999,32.53,-29.143,7.857,9.714,-17.714000000000006,-33.0,-23.143,39036.0,9431999.0,45152.0,8846146.0,444.0,136586.0
2020-11-30,2.0,2.0,1.0,2.0,2.0,68.98,0.0,4.0,0.0,0.0,0.0,40.650000000000006,33.43000000000001,-29.143,7.5710000000000015,9.857,-18.0,-32.571,-24.286,31179.0,9463178.0,42282.0,8888428.0,482.0,137068.0
2020-12-01,2.0,2.0,1.0,2.0,2.0,68.98,0.0,4.0,0.0,0.0,0.0,30.939999999999998,28.05000000000001,-29.0,7.5710000000000015,9.714,-17.714000000000006,-32.0,-24.286,36474.0,9499652.0,43208.0,8931636.0,501.0,137569.0
2020-12-02,2.0,2.0,1.0,2.0,2.0,68.98,0.0,4.0,0.0,0.0,0.0,27.209999999999994,30.060000000000002,-28.857,7.857,9.571,-17.570999999999998,-30.143,-23.429,35506.0,9535158.0,40908.0,8972544.0,526.0,138095.0
2020-12-03,2.0,2.0,1.0,2.0,2.0,68.98,0.0,4.0,0.0,0.0,0.0,26.400000000000006,25.909999999999997,-28.143,9.0,9.429,-17.0,-28.143,-22.286,36574.0,9571732.0,42991.0,9015535.0,541.0,138636.0
2020-12-04,2.0,2.0,1.0,2.0,2.0,68.98,0.0,4.0,0.0,0.0,0.0,33.66999999999999,29.28,-28.0,9.143,9.571,-17.0,-26.429,-21.714,36711.0,9608443.0,42359.0,9057894.0,511.0,139147.0
2020-12-05,2.0,2.0,1.0,2.0,2.0,68.98,0.0,4.0,0.0,0.0,0.0,55.22,41.96000000000001,-28.0,9.143,9.429,-16.857,-24.714,-21.0,36010.0,9644453.0,41885.0,9099779.0,482.0,139629.0
2020-12-06,2.0,2.0,1.0,2.0,2.0,68.98,0.0,4.0,0.0,0.0,0.0,58.16999999999999,43.24000000000001,-27.857,9.286,9.286,-16.570999999999998,-22.571,-21.0,33178.0,9677631.0,39078.0,9138857.0,390.0,140019.0
2020-12-07,2.0,2.0,1.0,2.0,2.0,68.98,0.0,4.0,0.0,0.0,0.0,37.28999999999999,27.560000000000002,-27.714,9.429,8.857000000000003,-16.0,-20.714,-19.714,26227.0,9703858.0,39293.0,9178150.0,386.0,140405.0
2020-12-08,2.0,2.0,1.0,2.0,2.0,68.98,0.0,4.0,0.0,0.0,0.0,30.74000000000001,25.439999999999998,-28.857,7.4289999999999985,9.286,-17.429000000000002,-19.857,-19.857,32083.0,9735941.0,36583.0,9214733.0,402.0,140807.0
2020-12-09,2.0,2.0,1.0,2.0,2.0,68.98,0.0,4.0,0.0,0.0,0.0,58.91,43.650000000000006,-28.571,7.5710000000000015,9.143,-16.429000000000002,-19.286,-19.857,31637.0,9767578.0,37693.0,9252426.0,413.0,141220.0
2020-12-10,2.0,2.0,1.0,2.0,2.0,68.98,0.0,4.0,0.0,0.0,0.0,51.629999999999995,40.03,-28.286,7.857,9.0,-14.857,-18.429,-19.857,29411.0,9796989.0,37707.0,9290133.0,411.0,141631.0
2020-12-11,2.0,2.0,1.0,2.0,2.0,68.98,0.0,4.0,0.0,0.0,0.0,60.72,46.83000000000001,-28.286,7.857,9.143,-13.571,-17.857,-19.857,29961.0,9826950.0,33492.0,9323625.0,442.0,142073.0
2020-12-12,2.0,2.0,1.0,2.0,2.0,68.98,0.0,4.0,0.0,0.0,0.0,60.69999999999999,47.16,-28.571,7.713999999999999,9.571,-12.857,-17.570999999999998,-20.429,30354.0,9857304.0,33087.0,9356712.0,391.0,142464.0
2020-12-13,2.0,2.0,1.0,2.0,2.0,68.98,0.0,4.0,0.0,0.0,0.0,49.599999999999994,41.879999999999995,-28.714,7.5710000000000015,10.0,-12.0,-17.285999999999998,-19.857,27336.0,9884640.0,30640.0,9387352.0,338.0,142802.0
2020-12-14,2.0,2.0,1.0,2.0,2.0,68.98,0.0,4.0,0.0,0.0,0.0,33.59,37.68000000000001,-29.143,7.286,10.571,-11.571,-17.570999999999998,-19.286,21941.0,9906581.0,34421.0,9421773.0,354.0,143156.0
2020-12-15,2.0,2.0,1.0,2.0,2.0,68.98,0.0,4.0,0.0,0.0,0.0,25.569999999999993,30.539999999999992,-28.143,9.286,10.571,-9.286,-16.714000000000002,-18.143,26251.0,9932832.0,33853.0,9455626.0,384.0,143540.0
2020-12-16,2.0,2.0,1.0,2.0,2.0,68.98,0.0,4.0,0.0,0.0,0.0,24.129999999999995,30.120000000000005,-28.429,9.143,11.143,-9.286,-17.143,-17.570999999999998,18172.0,9951004.0,33360.0,9488986.0,356.0,143896.0
2020-12-17,2.0,2.0,1.0,2.0,2.0,68.98,0.0,4.0,0.0,0.0,0.0,27.200000000000003,30.960000000000008,-28.714,9.0,11.571,-9.714,-17.714000000000006,-17.0,26754.0,9977758.0,30891.0,9519877.0,342.0,144238.0
2020-12-18,2.0,2.0,1.0,2.0,2.0,68.98,0.0,4.0,0.0,0.0,0.0,41.22,40.22999999999999,-28.714,9.143,11.714,-9.857,-18.0,-16.429000000000002,26991.0,10004749.0,29879.0,9549756.0,342.0,144580.0
2020-12-19,2.0,2.0,1.0,2.0,2.0,68.98,0.0,4.0,0.0,0.0,0.0,59.68000000000001,50.41999999999999,-28.571,9.286,11.714,-9.571,-18.0,-15.286,26834.0,10031583.0,29758.0,9579514.0,342.0,144922.0
2020-12-20,2.0,2.0,1.0,2.0,2.0,68.98,0.0,4.0,0.0,0.0,0.0,49.81,42.41999999999999,-28.429,9.429,11.714,-9.429,-17.857,-15.0,24622.0,10056205.0,25734.0,9605248.0,332.0,145254.0
2020-12-21,2.0,2.0,1.0,2.0,2.0,68.98,0.0,4.0,0.0,0.0,0.0,30.49000000000001,34.400000000000006,-28.143,9.857,11.714,-9.143,-17.570999999999998,-14.571,19147.0,10075352.0,30250.0,9635498.0,302.0,145556.0
2020-12-22,2.0,2.0,1.0,2.0,2.0,68.98,0.0,4.0,0.0,0.0,0.0,33.349999999999994,37.110000000000014,-28.143,9.571,11.714,-9.286,-17.714000000000006,-14.571,23880.0,10099232.0,27032.0,9662530.0,329.0,145885.0
2020-12-23,2.0,2.0,1.0,2.0,2.0,68.98,0.0,4.0,0.0,0.0,0.0,43.629999999999995,42.110000000000014,-27.857,9.857,11.714,-9.0,-17.570999999999998,-14.286,24716.0,10123948.0,29946.0,9692476.0,315.0,146200.0
2020-12-24,2.0,2.0,1.0,2.0,2.0,68.98,0.0,4.0,0.0,0.0,0.0,60.610000000000014,46.71000000000001,-27.286,10.714,11.429,-8.142999999999999,-17.0,-14.286,23444.0,10147392.0,24555.0,9717031.0,337.0,146537.0
2020-12-25,2.0,2.0,1.0,2.0,2.0,68.98,0.0,4.0,0.0,0.0,0.0,70.19,60.41,-26.429,11.143,11.714,-8.142999999999999,-15.429,-16.857,22349.0,10169741.0,22184.0,9739215.0,251.0,146788.0
2020-12-26,2.0,2.0,1.0,2.0,2.0,68.98,0.0,4.0,0.0,0.0,0.0,77.16999999999999,56.03,-26.571,10.571,11.857,-8.429,-14.857,-17.714000000000006,18575.0,10188316.0,21466.0,9760681.0,280.0,147068.0
2020-12-27,2.0,2.0,1.0,2.0,2.0,68.98,0.0,4.0,0.0,0.0,0.0,70.58000000000001,52.879999999999995,-26.714,9.857,11.714,-8.286,-14.429,-17.714000000000006,20333.0,10208649.0,21097.0,9781778.0,281.0,147349.0
2020-12-28,2.0,2.0,1.0,2.0,2.0,68.98,0.0,4.0,0.0,0.0,0.0,43.879999999999995,42.360000000000014,-26.571,9.714,11.714,-8.0,-14.143,-17.857,16072.0,10224721.0,24822.0,9806600.0,250.0,147599.0
2020-12-29,2.0,2.0,1.0,2.0,2.0,68.98,0.0,4.0,0.0,0.0,0.0,45.46000000000001,42.53,-26.571,9.714,11.714,-7.857,-13.857,-17.857,20542.0,10245263.0,26589.0,9833189.0,285.0,147884.0
2020-12-30,2.0,2.0,1.0,2.0,2.0,68.98,0.0,4.0,0.0,0.0,0.0,51.620000000000005,45.370000000000005,-26.571,9.571,11.714,-7.857,-13.571,-18.0,21945.0,10267208.0,26407.0,9859596.0,299.0,148183.0
2020-12-31,2.0,2.0,1.0,2.0,2.0,68.98,0.0,4.0,0.0,0.0,0.0,58.72999999999999,53.400000000000006,-25.714,10.429,11.714,-7.713999999999999,-13.143,-17.857,19026.0,10286234.0,21969.0,9881565.0,244.0,148427.0
2021-01-01,2.0,2.0,1.0,2.0,2.0,68.98,0.0,4.0,0.0,0.0,0.0,64.52000000000001,52.74000000000001,-25.857,9.714,11.571,-7.857,-12.857,-16.857,20159.0,10306393.0,23838.0,9905403.0,237.0,148664.0
2021-01-02,2.0,2.0,1.0,2.0,2.0,68.98,0.0,4.0,0.0,0.0,0.0,72.49000000000001,57.110000000000014,-25.857,10.0,11.429,-7.713999999999999,-13.286,-16.0,18144.0,10324537.0,20903.0,9926306.0,216.0,148880.0
2021-01-03,2.0,2.0,1.0,2.0,2.0,68.98,0.0,4.0,0.0,0.0,0.0,63.94,53.34,-26.0,10.143,11.714,-7.857,-13.714,-16.0,16678.0,10341215.0,19658.0,9945964.0,215.0,149095.0
2021-01-04,2.0,2.0,1.0,2.0,2.0,68.98,0.0,4.0,0.0,0.0,0.0,39.05000000000001,47.25,-26.286,10.0,11.714,-7.857,-14.143,-15.571,16278.0,10357493.0,29209.0,9975173.0,200.0,149295.0
2021-01-05,2.0,2.0,1.0,2.0,2.0,68.98,0.0,4.0,0.0,0.0,0.0,35.94,42.22,-26.571,9.714,11.714,-8.0,-14.571,-15.286,17909.0,10375402.0,21161.0,9996334.0,265.0,149560.0
2021-01-06,2.0,2.0,1.0,2.0,2.0,68.98,0.0,4.0,0.0,0.0,0.0,37.650000000000006,42.97999999999999,-26.714,9.571,11.714,-8.142999999999999,-14.429,-14.857,20472.0,10395874.0,19689.0,10016023.0,222.0,149782.0
2021-01-07,2.0,2.0,1.0,2.0,2.0,68.98,0.0,4.0,0.0,0.0,0.0,37.49000000000001,41.629999999999995,-27.714,8.286,11.857,-8.857000000000003,-14.571,-14.429,18123.0,10413997.0,20503.0,10036526.0,233.0,150015.0
2021-01-08,2.0,2.0,1.0,2.0,2.0,68.98,0.0,4.0,0.0,0.0,0.0,52.91999999999999,52.41,-28.0,8.857000000000003,11.571,-8.571,-15.571,-12.286,18453.0,10432450.0,19242.0,10055768.0,229.0,150244.0
2021-01-09,2.0,2.0,1.0,2.0,2.0,68.98,0.0,4.0,0.0,0.0,0.0,71.52000000000001,63.72999999999999,-27.429,9.429,11.429,-8.571,-14.857,-12.571,18820.0,10451270.0,19460.0,10075228.0,213.0,150457.0
2021-01-10,2.0,2.0,1.0,2.0,2.0,68.98,0.0,4.0,0.0,0.0,0.0,59.24000000000001,55.129999999999995,-26.571,10.429,11.143,-8.714,-14.0,-12.143,16086.0,10467356.0,16737.0,10091965.0,150.0,150607.0
2021-01-11,2.0,2.0,1.0,2.0,2.0,68.98,0.0,4.0,0.0,0.0,0.0,35.59,42.58000000000001,-26.0,11.143,11.0,-9.0,-13.0,-12.143,12481.0,10479837.0,18578.0,10110543.0,166.0,150773.0
2021-01-12,2.0,2.0,1.0,2.0,2.0,68.98,0.0,4.0,0.0,0.0,0.0,32.30000000000001,35.74000000000001,-25.286,12.143,10.857,-9.0,-11.857,-12.143,15903.0,10495740.0,17762.0,10128305.0,200.0,150973.0
2021-01-13,2.0,2.0,1.0,2.0,2.0,68.98,0.0,4.0,0.0,0.0,0.0,33.74000000000001,29.47,-25.0,12.857,10.571,-9.143,-11.714,-13.0,17015.0,10512755.0,17797.0,10146102.0,201.0,151174.0
2021-01-14,2.0,2.0,1.0,2.0,2.0,68.98,0.0,4.0,0.0,0.0,0.0,34.16,31.419999999999987,-26.143,10.429,10.714,-11.286,-11.857,-16.714000000000002,15677.0,10528432.0,15943.0,10162045.0,189.0,151363.0
2021-01-15,2.0,2.0,1.0,2.0,2.0,68.98,0.0,4.0,0.0,0.0,0.0,53.16,48.09,-27.286,8.142999999999999,10.571,-13.286,-12.429,-19.286,15155.0,10543587.0,16809.0,10178854.0,176.0,151539.0
2021-01-16,2.0,2.0,1.0,2.0,2.0,68.98,2.0,4.0,191181.0,191181.0,0.0,72.07,60.94999999999999,-28.143,6.143,10.286,-14.714,-13.143,-20.571,15050.0,10558637.0,17202.0,10196056.0,181.0,151720.0
2021-01-17,2.0,2.0,1.0,2.0,2.0,68.98,2.0,4.0,224301.0,224301.0,0.0,63.53,57.5,-29.0,4.2860000000000005,10.0,-15.857,-14.143,-22.286,13962.0,10572599.0,14513.0,10210569.0,145.0,151865.0
2021-01-18,2.0,2.0,1.0,2.0,2.0,68.98,2.0,4.0,454049.0,454049.0,0.0,37.33000000000001,47.72999999999999,-29.571,2.857,9.857,-16.714000000000002,-14.857,-23.143,9987.0,10582586.0,17127.0,10227696.0,137.0,152002.0
2021-01-19,2.0,2.0,1.0,2.0,2.0,68.98,2.0,4.0,674835.0,674835.0,0.0,33.78,45.74000000000001,-30.143,1.286,9.714,-17.857,-15.571,-23.714,13787.0,10596373.0,17229.0,10244925.0,162.0,152164.0
2021-01-20,2.0,2.0,1.0,2.0,2.0,68.98,2.0,4.0,806484.0,806484.0,0.0,36.03999999999999,47.870000000000005,-30.571,-0.14300000000000002,9.857,-18.857,-15.857,-23.714,15279.0,10611652.0,20071.0,10264996.0,152.0,152316.0
2021-01-21,2.0,2.0,1.0,2.0,2.0,68.98,2.0,4.0,1043534.0,1043534.0,0.0,36.33000000000001,45.18000000000001,-29.714,1.286,9.571,-17.714000000000006,-16.0,-20.571,14495.0,10626147.0,17734.0,10282730.0,161.0,152477.0
2021-01-22,2.0,2.0,1.0,2.0,2.0,68.98,2.0,4.0,1390592.0,1390592.0,0.0,57.80000000000001,55.77000000000001,-28.857,2.571,9.571,-16.570999999999998,-15.714,-18.571,14323.0,10640470.0,17166.0,10299896.0,153.0,152630.0
2021-01-23,2.0,2.0,1.0,2.0,2.0,68.98,2.0,4.0,1582201.0,1582201.0,0.0,87.99000000000001,76.27000000000001,-28.286,3.571,9.714,-15.714,-15.143,-17.570999999999998,14896.0,10655366.0,16033.0,10315929.0,156.0,152786.0
2021-01-24,2.0,2.0,1.0,2.0,2.0,68.98,2.0,4.0,1615504.0,1615504.0,0.0,75.71000000000001,71.65,-27.857,4.4289999999999985,9.857,-15.143,-14.286,-16.570999999999998,13232.0,10668598.0,13148.0,10329077.0,131.0,152917.0
2021-01-25,2.0,2.0,1.0,2.0,2.0,68.98,2.0,4.0,2023809.0,2023809.0,0.0,56.99000000000001,53.879999999999995,-27.286,5.143,9.857,-14.714,-13.286,-16.429000000000002,9098.0,10677696.0,16092.0,10345169.0,116.0,153033.0
2021-01-26,2.0,3.0,0.0,2.0,3.0,67.13,2.0,4.0,2029480.0,2029480.0,0.0,52.72,48.16,-26.857,5.143,10.714,-15.143,-11.286,-20.286,12733.0,10690429.0,13250.0,10358419.0,138.0,153171.0
2021-01-27,2.0,3.0,0.0,2.0,3.0,61.57,2.0,4.0,2355979.0,2355979.0,0.0,38.80000000000001,48.19,-26.857,5.4289999999999985,10.571,-14.571,-10.857,-19.857,11556.0,10701985.0,14261.0,10372680.0,123.0,153294.0
2021-01-28,2.0,3.0,0.0,2.0,3.0,61.57,2.0,4.0,2928053.0,2928053.0,0.0,37.870000000000005,43.97999999999999,-26.857,5.5710000000000015,10.571,-14.286,-10.571,-19.857,18912.0,10720897.0,20315.0,10392995.0,162.0,153456.0
2021-01-29,2.0,3.0,0.0,2.0,3.0,61.57,2.0,4.0,3500027.0,3500027.0,0.0,45.68000000000001,52.18000000000001,-26.857,6.2860000000000005,10.429,-14.0,-10.714,-19.571,13054.0,10733951.0,14886.0,10407881.0,137.0,153593.0
2021-01-30,2.0,3.0,0.0,2.0,3.0,61.57,2.0,4.0,3744334.0,3744334.0,0.0,70.99000000000001,73.91,-26.714,7.4289999999999985,10.143,-13.429,-11.0,-18.857,13073.0,10747024.0,14077.0,10421958.0,128.0,153721.0
2021-01-31,2.0,3.0,0.0,2.0,3.0,61.57,2.0,4.0,3758843.0,3758843.0,0.0,59.69999999999999,64.80000000000001,-26.571,8.714,9.857,-12.857,-11.571,-18.857,11527.0,10758551.0,11882.0,10433840.0,116.0,153837.0
2021-02-01,2.0,3.0,0.0,2.0,3.0,61.57,2.0,4.0,3950156.0,3950156.0,0.0,36.84,51.33000000000001,-26.714,9.571,9.571,-12.429,-12.429,-18.571,8579.0,10767130.0,13443.0,10447283.0,94.0,153931.0
2021-02-02,2.0,3.0,0.0,2.0,3.0,61.57,2.0,4.0,4138918.0,4138918.0,0.0,36.0,50.379999999999995,-26.571,11.429,8.429,-10.857,-14.286,-14.286,11001.0,10778131.0,14250.0,10461533.0,113.0,154044.0
2021-02-03,2.0,3.0,0.0,2.0,3.0,61.57,2.0,4.0,4449552.0,4449552.0,0.0,36.639999999999986,50.50999999999999,-26.286,12.429,8.142999999999999,-10.571,-15.0,-14.286,12925.0,10791056.0,17813.0,10479346.0,107.0,154151.0
2021-02-04,2.0,3.0,0.0,2.0,3.0,61.57,2.0,4.0,4959445.0,4959445.0,0.0,37.02000000000001,49.16999999999999,-26.143,13.143,7.713999999999999,-10.429,-15.857,-14.286,12401.0,10803457.0,15788.0,10495134.0,120.0,154271.0
2021-02-05,2.0,3.0,0.0,2.0,3.0,61.57,2.0,4.0,5416849.0,5416849.0,0.0,56.74000000000001,62.97,-25.857,13.857,7.4289999999999985,-10.143,-16.143,-14.429,11711.0,10815168.0,14512.0,10509646.0,95.0,154366.0
2021-02-06,2.0,3.0,0.0,2.0,3.0,61.57,2.0,4.0,5775322.0,5775322.0,0.0,77.16999999999999,75.87,-25.571,14.143,7.286,-10.0,-16.429000000000002,-14.571,12069.0,10827237.0,11761.0,10521407.0,75.0,154441.0
2021-02-07,2.0,3.0,0.0,2.0,3.0,61.57,2.0,4.0,5812362.0,5812362.0,0.0,71.56,71.41,-25.143,14.0,7.286,-9.857,-16.285999999999998,-15.143,11786.0,10839023.0,11756.0,10533163.0,86.0,154527.0
2021-02-08,2.0,3.0,0.0,2.0,3.0,61.57,2.0,4.0,6259008.0,6259008.0,0.0,41.81,55.53999999999999,-25.0,14.143,7.143,-9.714,-16.570999999999998,-15.143,8715.0,10847738.0,13600.0,10546763.0,78.0,154605.0
2021-02-09,2.0,3.0,0.0,2.0,3.0,61.57,2.0,4.0,6611561.0,6611561.0,0.0,39.03999999999999,53.27000000000001,-24.857,14.286,7.0,-9.571,-16.714000000000002,-15.143,10731.0,10858469.0,12928.0,10559691.0,94.0,154699.0
2021-02-10,2.0,3.0,0.0,2.0,3.0,61.57,2.0,4.0,7017114.0,7017114.0,0.0,40.91999999999999,52.06,-24.429,14.857,6.857,-9.143,-16.570999999999998,-15.0,12539.0,10871008.0,11796.0,10571487.0,110.0,154809.0
2021-02-11,2.0,3.0,0.0,2.0,3.0,61.57,2.0,4.0,7505010.0,7505010.0,0.0,44.30000000000001,54.08000000000001,-24.0,15.571,6.857,-8.571,-16.0,-14.714,9353.0,10880361.0,15722.0,10587209.0,85.0,154894.0
2021-02-12,2.0,3.0,0.0,2.0,3.0,61.57,2.0,4.0,7967647.0,7967647.0,0.0,71.30000000000001,69.88,-23.429,15.857,6.857,-8.0,-15.571,-14.571,12137.0,10892498.0,11358.0,10598567.0,104.0,154998.0
2021-02-13,2.0,3.0,0.0,2.0,3.0,61.57,2.0,4.0,8052454.0,8044786.0,7668.0,94.56,90.13,-22.857,16.143,6.857,-7.5710000000000015,-14.571,-15.429,12198.0,10904696.0,11107.0,10609674.0,89.0,155087.0
2021-02-14,2.0,3.0,0.0,2.0,3.0,61.57,2.0,4.0,0.0,0.0,0.0,91.0,87.74000000000001,-21.857,16.857,6.714,-6.857,-13.571,-15.429,11706.0,10916402.0,9500.0,10619174.0,91.0,155178.0
2021-02-15,2.0,3.0,0.0,2.0,3.0,61.57,2.0,4.0,8516771.0,8418653.0,98118.0,61.72999999999999,67.09,-21.286,17.143,6.714,-6.2860000000000005,-12.571,-15.571,9086.0,10925488.0,11793.0,10630967.0,82.0,155260.0
2021-02-16,2.0,3.0,0.0,2.0,3.0,61.57,2.0,4.0,8857341.0,8641002.0,216339.0,67.81,67.91999999999999,-21.0,16.714000000000002,6.714,-5.857,-11.429,-16.285999999999998,11592.0,10937080.0,11836.0,10642803.0,99.0,155359.0
2021-02-17,2.0,3.0,0.0,2.0,3.0,61.57,2.0,4.0,9186757.0,8844641.0,342116.0,46.33000000000001,55.349999999999994,-21.0,16.429000000000002,6.714,-5.5710000000000015,-10.857,-16.429000000000002,12862.0,10949942.0,12028.0,10654831.0,100.0,155459.0
2021-02-18,2.0,3.0,0.0,2.0,3.0,61.57,2.0,4.0,9846523.0,9381591.0,464932.0,44.69,52.81999999999999,-20.857,16.429000000000002,6.714,-5.143,-10.714,-16.429000000000002,13237.0,10963179.0,10914.0,10665745.0,100.0,155559.0
2021-02-19,2.0,3.0,0.0,2.0,3.0,61.57,2.0,4.0,10449942.0,9693000.0,756942.0,61.22999999999999,66.50999999999999,-21.0,16.285999999999998,6.714,-5.0,-10.571,-16.570999999999998,13916.0,10977095.0,10214.0,10675959.0,100.0,155659.0
2021-02-20,2.0,3.0,0.0,2.0,3.0,61.57,2.0,4.0,10838323.0,9964383.0,873940.0,82.55000000000001,80.66,-21.0,16.285999999999998,6.714,-4.714,-10.571,-15.429,13919.0,10991014.0,11413.0,10687372.0,89.0,155748.0
2021-02-21,2.0,3.0,0.0,2.0,3.0,61.57,2.0,4.0,11085173.0,10124531.0,960642.0,70.52000000000001,70.53999999999999,-21.714,16.0,6.857,-5.0,-11.0,-15.429,14278.0,11005292.0,9715.0,10697087.0,83.0,155831.0
2021-02-22,2.0,3.0,0.0,2.0,3.0,61.57,2.0,4.0,11424094.0,10308552.0,1115542.0,39.889999999999986,52.72,-22.0,15.714,6.857,-5.143,-11.286,-15.0,10494.0,11015786.0,13233.0,10710320.0,76.0,155907.0
2021-02-23,2.0,3.0,0.0,2.0,3.0,61.57,2.0,4.0,11907392.0,10585757.0,1321635.0,40.879999999999995,52.34,-22.143,16.0,7.0,-5.2860000000000005,-11.857,-14.0,13682.0,11029468.0,13969.0,10724289.0,103.0,156010.0
2021-02-24,2.0,3.0,0.0,2.0,3.0,63.43,2.0,4.0,12366633.0,10884879.0,1481754.0,44.03,53.78999999999999,-22.0,16.143,7.143,-5.2860000000000005,-11.857,-13.571,16930.0,11046398.0,12100.0,10736389.0,141.0,156151.0
2021-02-25,2.0,3.0,0.0,2.0,3.0,63.43,2.0,4.0,13067047.0,11206188.0,1860859.0,41.16999999999999,50.16,-22.0,16.285999999999998,7.143,-5.2860000000000005,-11.714,-13.429,16599.0,11062997.0,12222.0,10748611.0,119.0,156270.0
2021-02-26,2.0,3.0,0.0,2.0,3.0,63.43,2.0,4.0,13756940.0,11552857.0,2204083.0,58.72,61.599999999999994,-22.0,16.285999999999998,7.143,-5.2860000000000005,-11.714,-13.286,16562.0,11079559.0,12790.0,10761401.0,114.0,156384.0
2021-02-27,2.0,3.0,0.0,2.0,3.0,63.43,2.0,4.0,14242547.0,11788669.0,2453878.0,77.47,79.53,-22.143,16.285999999999998,7.286,-5.5710000000000015,-11.714,-14.0,16805.0,11096364.0,11709.0,10773110.0,111.0,156495.0
2021-02-28,2.0,3.0,0.0,2.0,3.0,63.43,2.0,4.0,14301266.0,11845075.0,2456191.0,62.03,66.59,-22.143,16.429000000000002,7.286,-5.714,-11.714,-13.429,15614.0,11111978.0,11291.0,10784401.0,108.0,156603.0
2021-03-01,2.0,3.0,0.0,2.0,3.0,63.43,3.0,4.0,14854136.0,12256337.0,2597799.0,32.30000000000001,48.47,-22.0,17.0,7.286,-5.714,-11.571,-13.143,12270.0,11124248.0,12472.0,10796873.0,92.0,156695.0
2021-03-02,2.0,3.0,0.0,2.0,3.0,63.43,3.0,4.0,15620749.0,12906771.0,2713978.0,33.650000000000006,49.99000000000001,-22.0,17.285999999999998,7.286,-5.714,-11.571,-13.0,14998.0,11139246.0,13113.0,10809986.0,98.0,156793.0
2021-03-03,2.0,3.0,0.0,2.0,3.0,63.43,3.0,4.0,16616048.0,13739121.0,2876927.0,33.47999999999999,50.53,-21.857,17.857,7.286,-5.5710000000000015,-11.429,-12.857,17425.0,11156671.0,14071.0,10824057.0,87.0,156880.0
2021-03-04,2.0,3.0,0.0,2.0,3.0,63.43,3.0,4.0,18005503.0,14796835.0,3208668.0,35.09,49.68000000000001,-21.714,18.286,7.286,-5.5710000000000015,-11.286,-12.571,16824.0,11173495.0,13788.0,10837845.0,113.0,156993.0
2021-03-05,2.0,3.0,0.0,2.0,3.0,63.43,3.0,4.0,19497704.0,15996683.0,3501021.0,49.629999999999995,60.43000000000001,-21.429,18.857,7.286,-5.4289999999999985,-11.143,-12.286,18324.0,11191819.0,14186.0,10852031.0,109.0,157102.0
2021-03-06,2.0,3.0,0.0,2.0,3.0,63.43,3.0,4.0,20922344.0,17168303.0,3754041.0,70.34,75.77000000000001,-21.143,19.429,7.143,-5.143,-11.143,-11.286,18724.0,11210543.0,14379.0,10866410.0,100.0,157202.0
2021-03-07,2.0,3.0,0.0,2.0,3.0,63.43,3.0,4.0,20989010.0,17227903.0,3761107.0,57.56,68.02000000000001,-20.857,19.857,7.286,-5.143,-11.0,-11.429,18650.0,11229193.0,14303.0,10880713.0,97.0,157299.0
2021-03-08,2.0,3.0,0.0,2.0,3.0,63.43,3.0,4.0,23008733.0,18943283.0,4065450.0,35.16999999999999,54.41,-20.571,20.0,7.4289999999999985,-5.0,-10.857,-11.429,15353.0,11244546.0,16606.0,10897319.0,76.0,157375.0
2021-03-09,2.0,3.0,0.0,2.0,3.0,57.87,3.0,4.0,24367906.0,20004227.0,4363679.0,33.849999999999994,52.06,-20.286,20.286,7.4289999999999985,-4.857,-10.714,-11.286,17873.0,11262419.0,20643.0,10917962.0,133.0,157508.0
2021-03-10,2.0,3.0,0.0,2.0,3.0,57.87,3.0,4.0,25685011.0,21034481.0,4650530.0,38.06999999999999,48.610000000000014,-20.143,20.714,7.286,-4.5710000000000015,-10.429,-11.286,22851.0,11285270.0,18154.0,10936116.0,125.0,157633.0
2021-03-11,2.0,3.0,0.0,2.0,3.0,57.87,3.0,4.0,26164920.0,21435841.0,4729079.0,33.25999999999999,45.599999999999994,-20.286,20.429,7.713999999999999,-5.143,-9.571,-13.714,23298.0,11308568.0,15092.0,10951208.0,119.0,157752.0
2021-03-12,2.0,3.0,0.0,2.0,3.0,57.87,3.0,4.0,28218457.0,23075504.0,5142953.0,-1.4875717439293794,-2.140198675496677,-20.429,20.143,7.713999999999999,-5.143,-9.571,-13.857,24845.0,11333413.0,19972.0,10971180.0,140.0,157892.0
2021-03-13,2.0,3.0,0.0,2.0,3.0,57.87,3.0,4.0,29738409.0,24307635.0,5430774.0,68.74000000000001,71.11000000000001,-20.571,19.857,8.0,-5.4289999999999985,-9.429,-14.857,25154.0,11358567.0,16508.0,10987688.0,159.0,158051.0
2021-03-14,2.0,3.0,0.0,2.0,3.0,57.87,3.0,4.0,29908038.0,24452385.0,5455653.0,60.71000000000001,63.110000000000014,-20.714,19.714,8.0,-5.2860000000000005,-9.571,-14.857,26513.0,11385080.0,17590.0,11005278.0,120.0,158171.0
2021-03-15,2.0,3.0,0.0,2.0,3.0,57.87,3.0,4.0,32947432.0,27079484.0,5867948.0,44.52000000000001,51.22,-20.857,19.571,8.0,-5.143,-9.429,-15.0,24437.0,11409517.0,20186.0,11025464.0,130.0,158301.0
2021-03-16,2.0,3.0,0.0,2.0,3.0,57.87,3.0,4.0,35064536.0,28862037.0,6202499.0,28.150000000000006,43.06999999999999,-21.143,19.143,8.0,-5.2860000000000005,-9.571,-15.143,28869.0,11438386.0,17746.0,11043210.0,187.0,158488.0
2021-03-17,2.0,3.0,0.0,2.0,3.0,57.87,3.0,4.0,37143255.0,30600787.0,6542468.0,29.099999999999994,42.58000000000001,-21.429,18.571,8.142999999999999,-5.714,-10.0,-14.857,35838.0,11474224.0,17793.0,11061003.0,171.0,158659.0
2021-03-18,2.0,3.0,0.0,2.0,3.0,57.87,3.0,4.0,39339817.0,32426230.0,6913587.0,26.810000000000002,42.58000000000001,-21.429,18.714,7.857,-5.143,-10.857,-12.286,39687.0,11513911.0,20356.0,11081359.0,156.0,158815.0
2021-03-19,2.0,3.0,0.0,2.0,3.0,57.87,3.0,4.0,42063392.0,34842030.0,7221362.0,42.610000000000014,52.21000000000001,-21.429,19.143,8.0,-5.143,-10.857,-11.714,40906.0,11554817.0,23623.0,11104982.0,188.0,159003.0
2021-03-20,2.0,3.0,0.0,2.0,3.0,57.87,3.0,4.0,44603841.0,37125187.0,7478654.0,60.55000000000001,65.36000000000001,-21.429,19.286,7.857,-4.857,-11.0,-10.429,43815.0,11598632.0,22971.0,11127953.0,196.0,159199.0
2021-03-21,2.0,3.0,0.0,2.0,3.0,57.87,3.0,4.0,45065998.0,37574302.0,7491696.0,45.81999999999999,52.25,-21.714,19.143,8.0,-5.143,-11.286,-10.286,47009.0,11645641.0,21205.0,11149158.0,213.0,159412.0
2021-03-22,2.0,3.0,0.0,2.0,3.0,57.87,3.0,4.0,48494594.0,40631153.0,7863441.0,27.870000000000005,43.55000000000001,-21.857,19.286,8.142999999999999,-5.4289999999999985,-11.571,-9.857,40636.0,11686277.0,29779.0,11178937.0,197.0,159609.0
2021-03-23,2.0,3.0,0.0,2.0,3.0,57.87,3.0,4.0,50841286.0,42731952.0,8109334.0,26.739999999999995,39.80000000000001,-21.714,19.571,8.286,-5.4289999999999985,-11.571,-9.571,47239.0,11733516.0,23913.0,11202850.0,277.0,159886.0
2021-03-24,2.0,3.0,0.0,2.0,3.0,57.87,3.0,4.0,53145709.0,44846538.0,8299171.0,29.02000000000001,42.639999999999986,-21.429,19.857,8.429,-5.2860000000000005,-11.429,-9.714,53419.0,11786935.0,26575.0,11229425.0,249.0,160135.0
2021-03-25,2.0,3.0,0.0,2.0,3.0,57.87,3.0,4.0,55504440.0,47001472.0,8502968.0,30.03,36.08000000000001,-21.0,20.429,8.429,-5.0,-11.429,-9.714,59083.0,11846018.0,32917.0,11262342.0,257.0,160392.0
2021-03-26,2.0,3.0,0.0,2.0,3.0,57.87,3.0,4.0,58109773.0,49426618.0,8683155.0,41.44999999999999,41.09,-21.0,20.571,8.571,-5.0,-11.429,-10.143,62276.0,11908294.0,30341.0,11292683.0,292.0,160684.0
2021-03-27,2.0,3.0,0.0,2.0,3.0,57.87,3.0,4.0,60269782.0,51441436.0,8828346.0,52.59,48.22,-20.857,21.429,8.571,-4.714,-11.429,-11.0,62632.0,11970926.0,28728.0,11321411.0,311.0,160995.0
2021-03-28,2.0,3.0,0.0,2.0,3.0,57.87,3.0,4.0,60530435.0,51660234.0,8870201.0,14.450000000000003,14.349999999999994,-21.714,20.857,8.857000000000003,-5.714,-12.286,-11.714,68206.0,12039132.0,32269.0,11353680.0,295.0,161290.0
2021-03-29,2.0,3.0,0.0,2.0,3.0,57.87,3.0,4.0,61113354.0,52211398.0,8901956.0,13.75,16.92,-24.571,15.714,10.571,-9.571,-14.0,-18.0,56152.0,12095284.0,36989.0,11390669.0,266.0,161556.0
2021-03-30,2.0,3.0,0.0,2.0,3.0,57.87,3.0,4.0,63054353.0,53989035.0,9065318.0,21.519999999999996,33.72,-25.286,14.857,10.714,-10.286,-14.571,-19.429,53237.0,12148521.0,41242.0,11431911.0,355.0,161911.0
2021-03-31,2.0,3.0,0.0,2.0,3.0,57.87,3.0,4.0,65117896.0,55783201.0,9334695.0,22.209999999999994,34.139999999999986,-25.714,14.429,10.714,-10.714,-14.857,-20.0,72113.0,12220634.0,40423.0,11472334.0,458.0,162369.0
2021-04-01,2.0,3.0,0.0,2.0,3.0,57.87,4.0,4.0,68789138.0,59148798.0,9640340.0,28.840000000000003,37.620000000000005,-26.143,14.0,10.857,-11.286,-15.0,-20.714,81398.0,12302032.0,50384.0,11522718.0,468.0,162837.0
2021-04-02,2.0,3.0,0.0,2.0,3.0,57.87,4.0,4.0,73054295.0,63081589.0,9972706.0,35.110000000000014,45.610000000000014,-26.286,14.0,11.286,-12.143,-15.0,-23.0,89023.0,12391055.0,44179.0,11566897.0,713.0,163550.0
2021-04-03,2.0,3.0,2.0,2.0,3.0,74.54,4.0,4.0,75979651.0,65739470.0,10240181.0,46.72999999999999,50.610000000000014,-26.714,13.429,11.429,-12.857,-15.143,-22.857,92994.0,12484049.0,60059.0,11626956.0,514.0,164064.0
2021-04-04,2.0,3.0,2.0,2.0,3.0,74.54,4.0,4.0,79105163.0,68678838.0,10426325.0,37.41,41.53,-26.429,13.714,11.286,-12.429,-14.857,-22.571,103794.0,12587843.0,52840.0,11679796.0,477.0,164541.0
2021-04-05,2.0,3.0,0.0,2.0,3.0,69.91,4.0,4.0,83110926.0,72277309.0,10833617.0,16.950000000000003,32.91999999999999,-23.714,19.143,9.714,-8.857000000000003,-13.286,-17.143,96563.0,12684406.0,50100.0,11729896.0,446.0,164987.0
2021-04-06,2.0,3.0,0.0,2.0,3.0,69.91,4.0,4.0,87077474.0,75937015.0,11140459.0,13.599999999999994,25.459999999999994,-24.0,19.714,9.857,-8.857000000000003,-13.0,-17.285999999999998,115312.0,12799718.0,59714.0,11789610.0,630.0,165617.0
2021-04-07,2.0,3.0,0.0,2.0,3.0,69.91,4.0,4.0,90198673.0,78763027.0,11435646.0,12.39,25.879999999999995,-24.429,19.857,10.143,-9.143,-13.286,-17.570999999999998,126276.0,12925994.0,59137.0,11848747.0,684.0,166301.0
2021-04-08,2.0,3.0,0.0,2.0,3.0,69.91,4.0,4.0,94334262.0,82456522.0,11877740.0,12.650000000000006,26.75,-25.0,19.857,10.429,-9.571,-13.714,-17.714000000000006,131878.0,13057872.0,61829.0,11910576.0,802.0,167103.0
2021-04-09,2.0,3.0,0.0,2.0,3.0,69.91,4.0,4.0,98075160.0,85763852.0,12311308.0,20.659999999999997,26.790000000000006,-25.286,19.857,10.286,-9.429,-14.286,-16.0,144945.0,13202817.0,77263.0,11987839.0,773.0,167876.0
2021-04-10,2.0,3.0,0.0,2.0,3.0,69.91,4.0,4.0,101595147.0,88885961.0,12709186.0,22.090000000000003,23.810000000000002,-26.857,17.714000000000006,11.143,-11.571,-15.857,-18.143,152565.0,13355382.0,90328.0,12078167.0,838.0,168714.0
2021-04-11,2.0,3.0,0.0,2.0,3.0,69.91,4.0,4.0,104528565.0,91587400.0,12941165.0,15.319999999999993,22.700000000000003,-28.0,16.429000000000002,11.714,-13.286,-17.285999999999998,-19.0,169914.0,13525296.0,75380.0,12153547.0,904.0,169618.0
2021-04-12,2.0,3.0,0.0,2.0,3.0,69.91,4.0,4.0,108533085.0,95043039.0,13490046.0,3.1700000000000017,16.28,-28.429,17.0,12.0,-13.857,-17.857,-19.429,160838.0,13686134.0,96746.0,12250293.0,880.0,170498.0
